pcd_file,weight,point_count,rounded_weight,mean_point_count_by_weight,point_count_percentage_deviation
1_split0_strawberry_dyson_lincoln_tbd__002_3.pcd,17.5,3270,18.0,5999.612068965517,-45.49647606526284
1_split0_strawberry_dyson_lincoln_tbd__003_3.pcd,22.8,2927,23.0,6122.45744680851,-52.19239945022771
1_split0_strawberry_dyson_lincoln_tbd__004_3.pcd,21.2,4325,21.0,6019.345132743363,-28.148330015613382
1_split0_strawberry_dyson_lincoln_tbd__005_2.pcd,18.8,5343,19.0,5981.934306569343,-10.68106525121259
1_split0_strawberry_dyson_lincoln_tbd__007_3.pcd,24.7,2390,25.0,6645.576923076923,-64.03622999681686
1_split0_strawberry_dyson_lincoln_tbd__008_3.pcd,23.2,2230,23.0,6122.45744680851,-63.57671703929203
1_split0_strawberry_dyson_lincoln_tbd__010_3.pcd,19.5,2706,20.0,5942.940677966101,-54.466986183579145
1_split0_strawberry_dyson_lincoln_tbd__011_3.pcd,18.9,4410,19.0,5981.934306569343,-26.278026905829595
1_split0_strawberry_dyson_lincoln_tbd__013_3.pcd,13.9,2400,14.0,5089.0,-52.83945765376302
1_split0_strawberry_dyson_lincoln_tbd__020_3.pcd,22.9,5457,23.0,6122.45744680851,-10.869123266106115
1_split0_strawberry_dyson_lincoln_tbd__021_3.pcd,29.7,5127,30.0,7382.909090909091,-30.555829187804758
1_split0_strawberry_dyson_lincoln_tbd__022_3.pcd,17.7,3760,18.0,5999.612068965517,-37.32928134721354
1_split0_strawberry_dyson_lincoln_tbd__023_2.pcd,10.4,3174,10.0,4095.4464285714284,-22.499291460463493
1_split0_strawberry_dyson_lincoln_tbd__026_3.pcd,21.3,4933,21.0,6019.345132743363,-18.047563460582843
1_split0_strawberry_dyson_lincoln_tbd__030_2.pcd,20.4,4813,20.0,5942.940677966101,-19.013157613291366
1_split0_strawberry_dyson_lincoln_tbd__030_3.pcd,20.4,3689,20.0,5942.940677966101,-37.926353300526046
1_split0_strawberry_dyson_lincoln_tbd__032_2.pcd,13.9,4335,14.0,5089.0,-14.816270387109451
1_split0_strawberry_dyson_lincoln_tbd__032_3.pcd,13.9,2244,14.0,5089.0,-55.90489290626842
1_split0_strawberry_dyson_lincoln_tbd__034_3.pcd,17.3,2483,17.0,5467.44537815126,-54.585737428261396
1_split0_strawberry_dyson_lincoln_tbd__035_3.pcd,15.6,4216,16.0,5622.959677419355,-25.021692456188415
1_split0_strawberry_dyson_lincoln_tbd__036_2.pcd,15.9,4277,16.0,5622.959677419355,-23.936854514971024
1_split0_strawberry_dyson_lincoln_tbd__036_3.pcd,15.9,3849,16.0,5622.959677419355,-31.548504332037286
1_split0_strawberry_dyson_lincoln_tbd__037_1.pcd,22.6,5452,23.0,6122.45744680851,-10.950789819829676
1_split0_strawberry_dyson_lincoln_tbd__037_3.pcd,22.6,3922,23.0,6122.45744680851,-35.940755259239175
1_split0_strawberry_dyson_lincoln_tbd__038_3.pcd,11.1,2648,11.0,4421.55737704918,-40.111599280722245
1_split0_strawberry_dyson_lincoln_tbd__039_3.pcd,31.2,5188,31.0,6621.375,-21.647694021256914
1_split0_strawberry_dyson_lincoln_tbd__040_2.pcd,22.4,5793,22.0,6492.698630136986,-10.776699643646074
1_split0_strawberry_dyson_lincoln_tbd__041_2.pcd,16.4,4785,16.0,5622.959677419355,-14.902466414340976
1_split0_strawberry_dyson_lincoln_tbd__042_3.pcd,14.4,2866,14.0,5089.0,-43.682452348202006
1_split0_strawberry_dyson_lincoln_tbd__043_1.pcd,16.7,4192,17.0,5467.44537815126,-23.327994884926206
1_split0_strawberry_dyson_lincoln_tbd__043_2.pcd,16.7,4617,17.0,5467.44537815126,-15.554711923593581
1_split0_strawberry_dyson_lincoln_tbd__046_3.pcd,4.8,2301,5.0,3121.0,-26.273630246715797
1_split0_strawberry_dyson_lincoln_tbd__047_1.pcd,19.4,4362,19.0,5981.934306569343,-27.080442939507638
1_split0_strawberry_dyson_lincoln_tbd__047_3.pcd,19.4,4810,19.0,5981.934306569343,-19.591226625179218
1_split0_strawberry_dyson_lincoln_tbd__048_3.pcd,30.4,4267,30.0,7382.909090909091,-42.20435403634931
1_split0_strawberry_dyson_lincoln_tbd__049_3.pcd,22.1,3850,22.0,6492.698630136986,-40.70262275643663
1_split0_strawberry_dyson_lincoln_tbd__051_3.pcd,23.8,3954,24.0,6828.566265060241,-42.096190524921
1_split0_strawberry_dyson_lincoln_tbd__055_2.pcd,24.0,5724,24.0,6828.566265060241,-16.17566883273844
1_split0_strawberry_dyson_lincoln_tbd__055_3.pcd,24.0,5214,24.0,6828.566265060241,-23.644293727096127
1_split0_strawberry_dyson_lincoln_tbd__056_3.pcd,20.3,4588,20.0,5942.940677966101,-22.799162088049197
1_split0_strawberry_dyson_lincoln_tbd__058_2.pcd,7.4,2718,7.0,3414.125,-20.389558085893164
1_split0_strawberry_dyson_lincoln_tbd__059_1.pcd,7.9,3707,8.0,4443.384615384615,-16.57260577522332
1_split0_strawberry_dyson_lincoln_tbd__059_2.pcd,7.9,3124,8.0,4443.384615384615,-29.69323454054428
1_split0_strawberry_dyson_lincoln_tbd__059_3.pcd,7.9,2722,8.0,4443.384615384615,-38.74039193961637
1_split0_strawberry_dyson_lincoln_tbd__060_3.pcd,32.1,6879,32.0,7776.7,-11.543456736147721
1_split0_strawberry_dyson_lincoln_tbd__061_1.pcd,31.0,5145,31.0,6621.375,-22.297105963640483
1_split0_strawberry_dyson_lincoln_tbd__061_2.pcd,31.0,4052,31.0,6621.375,-38.80425138283211
1_split0_strawberry_dyson_lincoln_tbd__061_3.pcd,31.0,5300,31.0,6621.375,-19.956202450397388
1_split0_strawberry_dyson_lincoln_tbd__063_3.pcd,19.8,2402,20.0,5942.940677966101,-59.58229889614084
1_split0_strawberry_dyson_lincoln_tbd__064_2.pcd,15.3,2612,15.0,5319.533333333334,-50.897948441592625
1_split0_strawberry_dyson_lincoln_tbd__065_2.pcd,12.0,3697,12.0,4589.2625,-19.44239406658477
1_split0_strawberry_dyson_lincoln_tbd__065_3.pcd,12.0,3038,12.0,4589.2625,-33.801999776652565
1_split0_strawberry_dyson_lincoln_tbd__067_3.pcd,18.8,4178,19.0,5981.934306569343,-30.156371068606813
1_split0_strawberry_dyson_lincoln_tbd__068_3.pcd,8.9,2596,9.0,3898.695652173913,-33.41362774618044
1_split0_strawberry_dyson_lincoln_tbd__069_3.pcd,18.9,3381,19.0,5981.934306569343,-43.47982062780269
1_split0_strawberry_dyson_lincoln_tbd__070_3.pcd,28.7,4237,29.0,6919.952380952381,-38.77125496321885
1_split0_strawberry_dyson_lincoln_tbd__071_2.pcd,20.6,5356,21.0,6019.345132743363,-11.020220939566535
1_split0_strawberry_dyson_lincoln_tbd__074_1.pcd,17.4,4564,17.0,5467.44537815126,-16.52408603406565
1_split0_strawberry_dyson_lincoln_tbd__074_2.pcd,17.4,2979,17.0,5467.44537815126,-45.513858960447315
1_split0_strawberry_dyson_lincoln_tbd__075_2.pcd,23.9,4996,24.0,6828.566265060241,-26.836764760370592
1_split0_strawberry_dyson_lincoln_tbd__075_3.pcd,23.9,3824,24.0,6828.566265060241,-43.99995765485531
1_split0_strawberry_dyson_lincoln_tbd__076_2.pcd,22.3,3663,22.0,6492.698630136986,-43.58278107969542
1_split0_strawberry_dyson_lincoln_tbd__076_3.pcd,22.3,5684,22.0,6492.698630136986,-12.45550850586644
1_split0_strawberry_dyson_lincoln_tbd__077_2.pcd,21.8,5291,22.0,6492.698630136986,-18.508461559560054
1_split0_strawberry_dyson_lincoln_tbd__077_3.pcd,21.8,3121,22.0,6492.698630136986,-51.930619642295774
1_split0_strawberry_dyson_lincoln_tbd__078_2.pcd,12.6,3651,13.0,4974.517647058824,-26.605949379662004
1_split0_strawberry_dyson_lincoln_tbd__079_2.pcd,14.9,3881,15.0,5319.533333333334,-27.042472397328094
1_split0_strawberry_dyson_lincoln_tbd__080_2.pcd,29.4,6072,29.0,6919.952380952381,-12.25373144599123
1_split0_strawberry_dyson_lincoln_tbd__080_3.pcd,29.4,5205,29.0,6919.952380952381,-24.782719396637738
1_split0_strawberry_dyson_lincoln_tbd__081_2.pcd,19.1,4048,19.0,5981.934306569343,-32.32958115981818
1_split0_strawberry_dyson_lincoln_tbd__081_3.pcd,19.1,2295,19.0,5981.934306569343,-61.634483389768455
1_split0_strawberry_dyson_lincoln_tbd__082_2.pcd,15.5,4538,16.0,5622.959677419355,-19.29517086484417
1_split0_strawberry_dyson_lincoln_tbd__082_3.pcd,15.5,4279,16.0,5622.959677419355,-23.901286057881933
1_split0_strawberry_dyson_lincoln_tbd__084_2.pcd,23.0,5054,23.0,6122.45744680851,-17.45144749622509
1_split0_strawberry_dyson_lincoln_tbd__085_2.pcd,22.0,5275,22.0,6492.698630136986,-18.754892218234602
1_split0_strawberry_dyson_lincoln_tbd__086_2.pcd,22.3,5239,22.0,6492.698630136986,-19.309361200252336
1_split0_strawberry_dyson_lincoln_tbd__087_2.pcd,26.0,6306,26.0,7366.076923076923,-14.391336584550796
1_split0_strawberry_dyson_lincoln_tbd__087_3.pcd,26.0,4790,26.0,7366.076923076923,-34.97216971772888
1_split0_strawberry_dyson_lincoln_tbd__088_2.pcd,15.4,3644,15.0,5319.533333333334,-31.497750429235655
1_split0_strawberry_dyson_lincoln_tbd__088_3.pcd,15.4,3659,15.0,5319.533333333334,-31.21577080696302
1_split0_strawberry_dyson_lincoln_tbd__090_2.pcd,24.5,5517,24.0,6828.566265060241,-19.20705187809538
1_split0_strawberry_dyson_lincoln_tbd__090_3.pcd,24.5,4419,24.0,6828.566265060241,-35.28656194477134
1_split0_strawberry_dyson_lincoln_tbd__091_2.pcd,17.5,4073,18.0,5999.612068965517,-32.11227737425552
1_split0_strawberry_dyson_lincoln_tbd__091_3.pcd,17.5,2379,18.0,5999.612068965517,-60.34743625665453
1_split0_strawberry_dyson_lincoln_tbd__092_2.pcd,11.9,3098,12.0,4589.2625,-32.4946001672382
1_split0_strawberry_dyson_lincoln_tbd__092_3.pcd,11.9,3391,12.0,4589.2625,-26.11013207459804
1_split0_strawberry_dyson_lincoln_tbd__093_2.pcd,22.4,5085,22.0,6492.698630136986,-21.68125628999487
1_split0_strawberry_dyson_lincoln_tbd__094_2.pcd,9.2,3182,9.0,3898.695652173913,-18.38295974127356
1_split0_strawberry_dyson_lincoln_tbd__094_3.pcd,9.2,3201,9.0,3898.695652173913,-17.89561726329876
1_split0_strawberry_dyson_lincoln_tbd__095_2.pcd,10.4,3453,10.0,4095.4464285714284,-15.686847326080795
1_split0_strawberry_dyson_lincoln_tbd__096_2.pcd,14.5,4178,14.0,5089.0,-17.901355865592457
1_split0_strawberry_dyson_lincoln_tbd__097_2.pcd,19.1,4856,19.0,5981.934306569343,-18.822244592904426
1_split0_strawberry_dyson_lincoln_tbd__097_3.pcd,19.1,5057,19.0,5981.934306569343,-15.462127451877608
1_split0_strawberry_dyson_lincoln_tbd__098_2.pcd,23.9,5111,24.0,6828.566265060241,-25.15266306850562
1_split0_strawberry_dyson_lincoln_tbd__098_3.pcd,23.9,5678,24.0,6828.566265060241,-16.849309509484428
1_split0_strawberry_dyson_lincoln_tbd__099_2.pcd,18.8,3897,19.0,5981.934306569343,-34.8538482657637
1_split0_strawberry_dyson_lincoln_tbd__100_2.pcd,16.0,4324,16.0,5622.959677419355,-23.1009957733773
1_split0_strawberry_dyson_lincoln_tbd__101_2.pcd,16.3,4505,16.0,5622.959677419355,-19.88205040681423
1_split0_strawberry_dyson_lincoln_tbd__102_1.pcd,25.8,3661,26.0,7366.076923076923,-50.29918858801784
1_split0_strawberry_dyson_lincoln_tbd__102_2.pcd,25.8,3085,26.0,7366.076923076923,-58.118819118829556
1_split0_strawberry_dyson_lincoln_tbd__103_2.pcd,12.7,3872,13.0,4974.517647058824,-22.163307586428722
1_split0_strawberry_dyson_lincoln_tbd__103_3.pcd,12.7,3654,13.0,4974.517647058824,-26.545642025002724
1_split0_strawberry_dyson_lincoln_tbd__104_2.pcd,28.5,3877,28.0,6610.428571428572,-41.35024744451408
1_split0_strawberry_dyson_lincoln_tbd__104_3.pcd,28.5,4146,28.0,6610.428571428572,-37.28091975882264
1_split0_strawberry_dyson_lincoln_tbd__105_2.pcd,23.1,4792,23.0,6122.45744680851,-21.730774911339658
1_split0_strawberry_dyson_lincoln_tbd__106_2.pcd,30.6,5572,31.0,6621.375,-15.848294349738538
1_split0_strawberry_dyson_lincoln_tbd__107_3.pcd,16.1,2826,16.0,5622.959677419355,-49.74177013310921
1_split0_strawberry_dyson_lincoln_tbd__108_2.pcd,14.0,3869,14.0,5089.0,-23.973275692670466
1_split0_strawberry_dyson_lincoln_tbd__109_2.pcd,19.7,4108,20.0,5942.940677966101,-30.87597163419924
1_split0_strawberry_dyson_lincoln_tbd__109_3.pcd,19.7,2874,20.0,5942.940677966101,-51.64010284242663
1_split0_strawberry_dyson_lincoln_tbd__110_2.pcd,23.9,4424,24.0,6828.566265060241,-35.21334013208156
1_split0_strawberry_dyson_lincoln_tbd__111_2.pcd,17.7,3835,18.0,5999.612068965517,-36.07920052302232
1_split0_strawberry_dyson_lincoln_tbd__111_3.pcd,17.7,4913,18.0,5999.612068965517,-18.111372143313865
1_split0_strawberry_dyson_lincoln_tbd__112_2.pcd,17.5,4722,18.0,5999.612068965517,-21.294911308920835
1_split0_strawberry_dyson_lincoln_tbd__112_3.pcd,17.5,4744,18.0,5999.612068965517,-20.928220933824743
1_split0_strawberry_dyson_lincoln_tbd__113_2.pcd,5.3,2613,5.0,3121.0,-16.276834347965398
1_split0_strawberry_dyson_lincoln_tbd__114_2.pcd,15.1,3799,15.0,5319.533333333334,-28.58396099908514
1_split0_strawberry_dyson_lincoln_tbd__114_3.pcd,15.1,3728,15.0,5319.533333333334,-29.91866454450892
1_split0_strawberry_dyson_lincoln_tbd__115_1.pcd,21.8,3811,22.0,6492.698630136986,-41.30329748695584
1_split0_strawberry_dyson_lincoln_tbd__115_2.pcd,21.8,2232,22.0,6492.698630136986,-65.6229231149004
1_split0_strawberry_dyson_lincoln_tbd__117_2.pcd,20.2,4041,20.0,5942.940677966101,-32.00335963334935
1_split0_strawberry_dyson_lincoln_tbd__117_3.pcd,20.2,4046,20.0,5942.940677966101,-31.91922620057695
1_split0_strawberry_dyson_lincoln_tbd__118_2.pcd,19.4,4276,19.0,5981.934306569343,-28.51810499984747
1_split0_strawberry_dyson_lincoln_tbd__118_3.pcd,19.4,4123,19.0,5981.934306569343,-31.07580610719624
1_split0_strawberry_dyson_lincoln_tbd__119_2.pcd,19.54,4140,20.0,5942.940677966101,-30.3375176644559
1_split0_strawberry_dyson_lincoln_tbd__119_3.pcd,19.54,2129,20.0,5942.940677966101,-64.17598432551368
1_split0_strawberry_dyson_lincoln_tbd__120_2.pcd,27.87,5504,28.0,6610.428571428572,-16.73762237157738
1_split0_strawberry_dyson_lincoln_tbd__121_2.pcd,23.59,5496,24.0,6828.566265060241,-19.514583491392465
1_split0_strawberry_dyson_lincoln_tbd__122_2.pcd,16.17,4584,16.0,5622.959677419355,-18.47709635179499
1_split0_strawberry_dyson_lincoln_tbd__123_3.pcd,20.78,2256,21.0,6019.345132743363,-62.52083988791301
1_split0_strawberry_dyson_lincoln_tbd__124_1.pcd,22.77,3519,23.0,6122.45744680851,-42.52307948935815
1_split0_strawberry_dyson_lincoln_tbd__124_2.pcd,22.77,2647,23.0,6122.45744680851,-56.76572645874709
1_split0_strawberry_dyson_lincoln_tbd__124_3.pcd,22.77,4310,23.0,6122.45744680851,-29.60343069029088
1_split0_strawberry_dyson_lincoln_tbd__125_2.pcd,17.43,4013,17.0,5467.44537815126,-26.601918767463946
1_split0_strawberry_dyson_lincoln_tbd__125_3.pcd,17.43,2711,17.0,5467.44537815126,-50.415599745475895
1_split0_strawberry_dyson_lincoln_tbd__126_2.pcd,23.3,4774,23.0,6122.45744680851,-22.024774504744475
1_split0_strawberry_dyson_lincoln_tbd__127_2.pcd,16.82,4282,17.0,5467.44537815126,-21.681887904879297
1_split0_strawberry_dyson_lincoln_tbd__128_2.pcd,24.24,5428,24.0,6828.566265060241,-20.510400143973488
1_split0_strawberry_dyson_lincoln_tbd__129_2.pcd,20.89,4655,21.0,6019.345132743363,-22.666006063047465
1_split0_strawberry_dyson_lincoln_tbd__129_3.pcd,20.89,2890,21.0,6019.345132743363,-51.988132657831834
1_split0_strawberry_dyson_lincoln_tbd__130_1.pcd,16.42,4919,16.0,5622.959677419355,-12.519379789371632
1_split0_strawberry_dyson_lincoln_tbd__130_2.pcd,16.42,3900,16.0,5622.959677419355,-30.64150867626537
1_split0_strawberry_dyson_lincoln_tbd__130_3.pcd,16.42,3147,16.0,5622.959677419355,-44.03303277030952
1_split0_strawberry_dyson_lincoln_tbd__131_2.pcd,19.02,4952,19.0,5981.934306569343,-17.217412525548333
1_split0_strawberry_dyson_lincoln_tbd__131_3.pcd,19.02,4473,19.0,5981.934306569343,-25.22485586162716
1_split0_strawberry_dyson_lincoln_tbd__132_2.pcd,14.7,3745,15.0,5319.533333333334,-29.599087639266607
1_split0_strawberry_dyson_lincoln_tbd__132_3.pcd,14.7,4266,15.0,5319.533333333334,-19.80499542566391
1_split0_strawberry_dyson_lincoln_tbd__133_2.pcd,12.01,3006,12.0,4589.2625,-34.49927956834023
1_split0_strawberry_dyson_lincoln_tbd__133_3.pcd,12.01,2116,12.0,4589.2625,-53.892373774653336
1_split0_strawberry_dyson_lincoln_tbd__134_2.pcd,16.71,3933,17.0,5467.44537815126,-28.06512497195009
1_split0_strawberry_dyson_lincoln_tbd__135_1.pcd,18.17,3614,18.0,5999.612068965517,-39.76277201830578
1_split0_strawberry_dyson_lincoln_tbd__135_2.pcd,18.17,3959,18.0,5999.612068965517,-34.01240022702618
1_split0_strawberry_dyson_lincoln_tbd__136_2.pcd,12.97,3577,13.0,4974.517647058824,-28.093530794590794
1_split0_strawberry_dyson_lincoln_tbd__136_3.pcd,12.97,2972,13.0,4974.517647058824,-40.255513984211305
1_split0_strawberry_dyson_lincoln_tbd__137_1.pcd,25.53,5805,26.0,7366.076923076923,-21.192786056663078
1_split0_strawberry_dyson_lincoln_tbd__137_2.pcd,25.53,3424,26.0,7366.076923076923,-53.51664073350808
1_split0_strawberry_dyson_lincoln_tbd__138_1.pcd,21.4,5077,21.0,6019.345132743363,-15.655276644917718
1_split0_strawberry_dyson_lincoln_tbd__138_2.pcd,21.4,3277,21.0,6019.345132743363,-45.5588618407318
1_split0_strawberry_dyson_lincoln_tbd__139_2.pcd,12.25,3167,12.0,4589.2625,-30.991090616411675
1_split0_strawberry_dyson_lincoln_tbd__139_3.pcd,12.25,3438,12.0,4589.2625,-25.08600238055679
1_split0_strawberry_dyson_lincoln_tbd__140_2.pcd,19.13,4171,19.0,5981.934306569343,-30.273390073518197
1_split0_strawberry_dyson_lincoln_tbd__140_3.pcd,19.13,3501,19.0,5981.934306569343,-41.473780543607575
1_split0_strawberry_dyson_lincoln_tbd__141_2.pcd,23.59,5620,24.0,6828.566265060241,-17.69868253668589
1_split0_strawberry_dyson_lincoln_tbd__142_2.pcd,24.6,5061,25.0,6645.576923076923,-23.84408368782012
1_split0_strawberry_dyson_lincoln_tbd__142_3.pcd,24.6,2235,25.0,6645.576923076923,-66.36860838614463
1_split0_strawberry_dyson_lincoln_tbd__143_2.pcd,27.1,5501,27.0,7168.28125,-23.259149464873467
1_split0_strawberry_dyson_lincoln_tbd__144_2.pcd,20.5,4768,20.0,5942.940677966101,-19.77035850824293
1_split0_strawberry_dyson_lincoln_tbd__145_2.pcd,16.7,3390,17.0,5467.44537815126,-37.99663708489977
1_split0_strawberry_dyson_lincoln_tbd__145_3.pcd,16.7,4191,17.0,5467.44537815126,-23.346284962482283
1_split0_strawberry_dyson_lincoln_tbd__146_2.pcd,16.3,4429,16.0,5622.959677419355,-21.23365177619983
1_split0_strawberry_dyson_lincoln_tbd__147_2.pcd,19.2,4555,19.0,5981.934306569343,-23.85406180409383
1_split0_strawberry_dyson_lincoln_tbd__148_2.pcd,13.1,3764,13.0,4974.517647058824,-24.334372354162635
1_split0_strawberry_dyson_lincoln_tbd__149_2.pcd,17.7,4251,18.0,5999.612068965517,-29.14541888484169
1_split0_strawberry_dyson_lincoln_tbd__149_3.pcd,17.7,4178,18.0,5999.612068965517,-30.36216422038781
1_split0_strawberry_dyson_lincoln_tbd__150_2.pcd,11.6,3435,12.0,4589.2625,-25.1513723610275
1_split0_strawberry_dyson_lincoln_tbd__151_2.pcd,12.8,3914,13.0,4974.517647058824,-21.31900462119887
1_split0_strawberry_dyson_lincoln_tbd__152_2.pcd,13.0,3152,13.0,4974.517647058824,-36.63707270465479
1_split0_strawberry_dyson_lincoln_tbd__152_3.pcd,13.0,3888,13.0,4974.517647058824,-21.841668361579256
1_split0_strawberry_dyson_lincoln_tbd__153_2.pcd,21.0,5086,21.0,6019.345132743363,-15.505758718938647
1_split0_strawberry_dyson_lincoln_tbd__154_2.pcd,12.8,2848,13.0,4974.517647058824,-42.748217976794685
1_split0_strawberry_dyson_lincoln_tbd__155_2.pcd,11.5,3419,12.0,4589.2625,-25.500012256871337
1_split0_strawberry_dyson_lincoln_tbd__155_3.pcd,11.5,2733,12.0,4589.2625,-40.447947791175594
1_split0_strawberry_dyson_lincoln_tbd__156_2.pcd,10.5,2873,10.0,4095.4464285714284,-29.84891756960038
1_split0_strawberry_dyson_lincoln_tbd__156_3.pcd,10.5,2143,10.0,4095.4464285714284,-47.673592186444004
1_split0_strawberry_dyson_lincoln_tbd__157_2.pcd,20.6,5064,21.0,6019.345132743363,-15.87124698244304
1_split0_strawberry_dyson_lincoln_tbd__158_3.pcd,30.6,5820,31.0,6621.375,-12.102848728549583
1_split0_strawberry_dyson_lincoln_tbd__159_1.pcd,18.7,4570,19.0,5981.934306569343,-23.60330679356944
1_split0_strawberry_dyson_lincoln_tbd__159_2.pcd,18.7,3180,19.0,5981.934306569343,-46.8399377688295
1_split0_strawberry_dyson_lincoln_tbd__160_2.pcd,13.9,3777,14.0,5089.0,-25.78109648260955
1_split0_strawberry_dyson_lincoln_tbd__160_3.pcd,13.9,3931,14.0,5089.0,-22.754961682059342
1_split0_strawberry_dyson_lincoln_tbd__161_2.pcd,16.9,4435,17.0,5467.44537815126,-18.883506038799553
1_split0_strawberry_dyson_lincoln_tbd__162_2.pcd,18.1,3968,18.0,5999.612068965517,-33.86239052812323
1_split0_strawberry_dyson_lincoln_tbd__162_3.pcd,18.1,3131,18.0,5999.612068965517,-47.813292526097236
1_split0_strawberry_dyson_lincoln_tbd__163_2.pcd,17.3,3884,17.0,5467.44537815126,-28.96133877219785
1_split0_strawberry_dyson_lincoln_tbd__164_3.pcd,23.3,2558,23.0,6122.45744680851,-58.21939111502646
1_split0_strawberry_dyson_lincoln_tbd__165_2.pcd,10.4,3104,10.0,4095.4464285714284,-24.208506834681373
1_split0_strawberry_dyson_lincoln_tbd__165_3.pcd,10.4,2510,10.0,4095.4464285714284,-38.71242015304453
1_split0_strawberry_dyson_lincoln_tbd__166_2.pcd,19.6,4339,20.0,5942.940677966101,-26.989007040114533
1_split0_strawberry_dyson_lincoln_tbd__167_1.pcd,21.8,5342,22.0,6492.698630136986,-17.72296383503493
1_split0_strawberry_dyson_lincoln_tbd__167_2.pcd,21.8,3444,22.0,6492.698630136986,-46.95580072030331
1_split0_strawberry_dyson_lincoln_tbd__167_3.pcd,21.8,2162,22.0,6492.698630136986,-66.70105724660156
1_split0_strawberry_dyson_lincoln_tbd__168_2.pcd,24.2,5125,24.0,6828.566265060241,-24.94764199297423
1_split0_strawberry_dyson_lincoln_tbd__168_3.pcd,24.2,4823,24.0,6828.566265060241,-29.37023947943702
1_split0_strawberry_dyson_lincoln_tbd__169_2.pcd,10.6,3275,11.0,4421.55737704918,-25.931075394397784
1_split0_strawberry_dyson_lincoln_tbd__169_3.pcd,10.6,3243,11.0,4421.55737704918,-26.65480229130749
1_split0_strawberry_dyson_lincoln_tbd__170_2.pcd,7.1,2520,7.0,3414.125,-26.18899425182148
1_split0_strawberry_dyson_lincoln_tbd__171_1.pcd,26.7,5725,27.0,7168.28125,-20.134272075331864
1_split0_strawberry_dyson_lincoln_tbd__171_2.pcd,26.7,3931,27.0,7168.28125,-45.16119188264272
1_split0_strawberry_dyson_lincoln_tbd__172_2.pcd,11.5,3174,12.0,4589.2625,-30.838560661979997
1_split0_strawberry_dyson_lincoln_tbd__173_2.pcd,11.8,3243,12.0,4589.2625,-29.335051111153476
1_split0_strawberry_dyson_lincoln_tbd__174_2.pcd,19.1,4513,19.0,5981.934306569343,-24.556175833562122
1_split0_strawberry_dyson_lincoln_tbd__174_3.pcd,19.1,2934,19.0,5981.934306569343,-50.95231994142948
1_split0_strawberry_dyson_lincoln_tbd__175_2.pcd,17.5,4514,18.0,5999.612068965517,-24.76180212801115
1_split0_strawberry_dyson_lincoln_tbd__175_3.pcd,17.5,4639,18.0,5999.612068965517,-22.678334087692452
1_split0_strawberry_dyson_lincoln_tbd__176_2.pcd,18.6,4425,19.0,5981.934306569343,-26.027271895305205
1_split0_strawberry_dyson_lincoln_tbd__177_3.pcd,20.3,5279,20.0,5942.940677966101,-11.171921678904035
1_split0_strawberry_dyson_lincoln_tbd__178_2.pcd,16.3,4925,16.0,5622.959677419355,-12.412674418104348
1_split0_strawberry_dyson_lincoln_tbd__179_2.pcd,21.9,4941,22.0,6492.698630136986,-23.899132218065812
1_split0_strawberry_dyson_lincoln_tbd__179_3.pcd,21.9,4888,22.0,6492.698630136986,-24.71543377492526
1_split0_strawberry_dyson_lincoln_tbd__180_2.pcd,20.6,4859,21.0,6019.345132743363,-19.276933074188534
1_split0_strawberry_dyson_lincoln_tbd__180_3.pcd,20.6,2422,21.0,6019.345132743363,-59.76306480874349
1_split0_strawberry_dyson_lincoln_tbd__181_2.pcd,11.6,3399,12.0,4589.2625,-25.935812126676122
1_split0_strawberry_dyson_lincoln_tbd__182_2.pcd,16.6,4575,17.0,5467.44537815126,-16.322895180948805
1_split0_strawberry_dyson_lincoln_tbd__182_3.pcd,16.6,4516,17.0,5467.44537815126,-17.402009756757334
1_split0_strawberry_dyson_lincoln_tbd__183_1.pcd,19.2,4667,19.0,5981.934306569343,-21.981757725511727
1_split0_strawberry_dyson_lincoln_tbd__183_2.pcd,19.2,4575,19.0,5981.934306569343,-23.51972179006131
1_split0_strawberry_dyson_lincoln_tbd__184_2.pcd,11.8,3599,12.0,4589.2625,-21.577813428628232
1_split0_strawberry_dyson_lincoln_tbd__184_3.pcd,11.8,3993,12.0,4589.2625,-12.992555993473893
1_split0_strawberry_dyson_lincoln_tbd__185_2.pcd,9.9,3291,10.0,4095.4464285714284,-19.642460049270746
1_split0_strawberry_dyson_lincoln_tbd__186_2.pcd,7.7,2781,8.0,4443.384615384615,-37.41257530641922
1_split0_strawberry_dyson_lincoln_tbd__187_2.pcd,11.0,3330,11.0,4421.55737704918,-24.687169790334238
1_split0_strawberry_dyson_lincoln_tbd__189_2.pcd,16.7,4351,17.0,5467.44537815126,-20.41987255351
1_split0_strawberry_dyson_lincoln_tbd__189_3.pcd,16.7,3488,17.0,5467.44537815126,-36.204209484404245
1_split0_strawberry_dyson_lincoln_tbd__190_2.pcd,14.6,4016,15.0,5319.533333333334,-24.50465579687442
1_split0_strawberry_dyson_lincoln_tbd__190_3.pcd,14.6,4765,15.0,5319.533333333334,-10.42447332472774
1_split0_strawberry_dyson_lincoln_tbd__191_2.pcd,23.3,5423,23.0,6122.45744680851,-11.424455831426327
1_split0_strawberry_dyson_lincoln_tbd__191_3.pcd,23.3,3580,23.0,6122.45744680851,-41.52674753393072
1_split0_strawberry_dyson_lincoln_tbd__192_2.pcd,17.3,3962,17.0,5467.44537815126,-27.534712722823862
1_split0_strawberry_dyson_lincoln_tbd__193_2.pcd,20.7,5102,21.0,6019.345132743363,-15.239949072753634
1_split0_strawberry_dyson_lincoln_tbd__193_3.pcd,20.7,5185,21.0,6019.345132743363,-13.861061533168872
1_split0_strawberry_dyson_lincoln_tbd__194_2.pcd,22.22,5455,22.0,6492.698630136986,-15.982547308145922
1_split0_strawberry_dyson_lincoln_tbd__195_2.pcd,13.4,3523,13.0,4974.517647058824,-29.17906317845775
1_split0_strawberry_dyson_lincoln_tbd__196_2.pcd,12.0,3423,12.0,4589.2625,-25.412852282910375
1_split0_strawberry_dyson_lincoln_tbd__198_2.pcd,16.4,4585,16.0,5622.959677419355,-18.45931212325044
1_split0_strawberry_dyson_lincoln_tbd__198_3.pcd,16.4,3294,16.0,5622.959677419355,-41.41875117426106
1_split0_strawberry_dyson_lincoln_tbd__199_2.pcd,11.2,3307,11.0,4421.55737704918,-25.207348497488084
1_split0_strawberry_dyson_lincoln_tbd__200_3.pcd,29.2,5054,29.0,6919.952380952381,-26.964815337292436
1_split0_strawberry_dyson_lincoln_tbd__201_3.pcd,36.4,5530,36.0,8118.0,-31.879773343187978
1_split0_strawberry_dyson_lincoln_tbd__202_1.pcd,10.0,3027,10.0,4095.4464285714284,-26.088643746321043
1_split0_strawberry_dyson_lincoln_tbd__202_2.pcd,10.0,2669,10.0,4095.4464285714284,-34.83005951732107
1_split0_strawberry_dyson_lincoln_tbd__203_2.pcd,20.9,5062,21.0,6019.345132743363,-15.90447318821617
1_split0_strawberry_dyson_lincoln_tbd__204_2.pcd,11.7,3554,12.0,4589.2625,-22.55836313568901
1_split0_strawberry_dyson_lincoln_tbd__205_2.pcd,9.0,2956,9.0,3898.695652173913,-24.179770268763242
1_split0_strawberry_dyson_lincoln_tbd__205_3.pcd,9.0,3413,9.0,3898.695652173913,-12.45790119326419
1_split0_strawberry_dyson_lincoln_tbd__206_2.pcd,21.0,4451,21.0,6019.345132743363,-26.055079051906393
1_split0_strawberry_dyson_lincoln_tbd__206_3.pcd,21.0,2751,21.0,6019.345132743363,-54.29735395906414
1_split0_strawberry_dyson_lincoln_tbd__207_2.pcd,14.1,3144,14.0,5089.0,-38.219689526429555
1_split0_strawberry_dyson_lincoln_tbd__207_3.pcd,14.1,3837,14.0,5089.0,-24.602082923953624
1_split0_strawberry_dyson_lincoln_tbd__208_2.pcd,11.8,3735,12.0,4589.2625,-18.61437431395567
1_split0_strawberry_dyson_lincoln_tbd__209_2.pcd,15.0,4294,15.0,5319.533333333334,-19.278633464088337
1_split0_strawberry_dyson_lincoln_tbd__209_3.pcd,15.0,3853,15.0,5319.533333333334,-27.568834358903672
1_split0_strawberry_dyson_lincoln_tbd__210_2.pcd,19.4,4751,19.0,5981.934306569343,-20.57752966657515
1_split0_strawberry_dyson_lincoln_tbd__210_3.pcd,19.4,4463,19.0,5981.934306569343,-25.39202586864342
1_split0_strawberry_dyson_lincoln_tbd__211_2.pcd,22.1,5034,22.0,6492.698630136986,-22.466754014519996
1_split0_strawberry_dyson_lincoln_tbd__212_2.pcd,16.5,4149,16.0,5622.959677419355,-26.213235768673083
1_split0_strawberry_dyson_lincoln_tbd__212_3.pcd,16.5,4211,16.0,5622.959677419355,-25.11061359891115
1_split0_strawberry_dyson_lincoln_tbd__213_2.pcd,11.2,3146,11.0,4421.55737704918,-28.84859944756502
1_split0_strawberry_dyson_lincoln_tbd__215_2.pcd,10.1,3571,10.0,4095.4464285714284,-12.805598552399221
1_split0_strawberry_dyson_lincoln_tbd__216_2.pcd,25.6,5504,26.0,7366.076923076923,-25.27908603891018
1_split0_strawberry_dyson_lincoln_tbd__216_3.pcd,25.6,6185,26.0,7366.076923076923,-16.034002025919232
1_split0_strawberry_dyson_lincoln_tbd__217_2.pcd,23.3,3917,23.0,6122.45744680851,-36.02242181296273
1_split0_strawberry_dyson_lincoln_tbd__218_2.pcd,35.3,6870,35.0,9817.666666666666,-30.024106203103244
1_split0_strawberry_dyson_lincoln_tbd__219_2.pcd,18.9,4847,19.0,5981.934306569343,-18.972697599219057
1_split0_strawberry_dyson_lincoln_tbd__219_3.pcd,18.9,4374,19.0,5981.934306569343,-26.87983893108813
1_split0_strawberry_dyson_lincoln_tbd__220_2.pcd,15.6,4018,16.0,5622.959677419355,-28.542969708008787
1_split0_strawberry_dyson_lincoln_tbd__222_2.pcd,20.4,4232,20.0,5942.940677966101,-28.789462501443808
1_split0_strawberry_dyson_lincoln_tbd__223_2.pcd,11.2,3774,11.0,4421.55737704918,-14.645459095712136
1_split0_strawberry_dyson_lincoln_tbd__224_2.pcd,38.9,7243,39.0,8277.333333333334,-12.495972938144337
1_split0_strawberry_dyson_lincoln_tbd__224_3.pcd,38.9,6615,39.0,8277.333333333334,-20.08295747422681
1_split0_strawberry_dyson_lincoln_tbd__225_2.pcd,19.1,3912,19.0,5981.934306569343,-34.603093255239315
1_split0_strawberry_dyson_lincoln_tbd__225_3.pcd,19.1,4782,19.0,5981.934306569343,-20.059302644824744
1_split0_strawberry_dyson_lincoln_tbd__226_2.pcd,17.6,4719,18.0,5999.612068965517,-21.344914541888485
1_split0_strawberry_dyson_lincoln_tbd__226_3.pcd,17.6,4966,18.0,5999.612068965517,-17.227981694218737
1_split0_strawberry_dyson_lincoln_tbd__227_2.pcd,12.6,3685,13.0,4974.517647058824,-25.92246602685688
1_split0_strawberry_dyson_lincoln_tbd__228_2.pcd,20.1,5151,20.0,5942.940677966101,-13.325737557877378
1_split0_strawberry_dyson_lincoln_tbd__228_3.pcd,20.1,4386,20.0,5942.940677966101,-26.198152772054005
1_split0_strawberry_dyson_lincoln_tbd__229_2.pcd,20.0,4636,20.0,5942.940677966101,-21.991481133434192
1_split0_strawberry_dyson_lincoln_tbd__230_2.pcd,21.5,5256,22.0,6492.698630136986,-19.047528625410628
1_split0_strawberry_dyson_lincoln_tbd__231_3.pcd,16.66,4330,17.0,5467.44537815126,-20.803964182187613
1_split0_strawberry_dyson_lincoln_tbd__232_2.pcd,11.9,3759,12.0,4589.2625,-18.091414470189925
1_split0_strawberry_dyson_lincoln_tbd__233_2.pcd,25.8,5730,26.0,7366.076923076923,-22.21096711536252
1_split0_strawberry_dyson_lincoln_tbd__234_2.pcd,16.3,4481,16.0,5622.959677419355,-20.308871891883367
1_split0_strawberry_dyson_lincoln_tbd__237_2.pcd,20.6,4738,21.0,6019.345132743363,-21.287118523462702
1_split0_strawberry_dyson_lincoln_tbd__238_2.pcd,19.0,4933,19.0,5981.934306569343,-17.535035538879225
1_split0_strawberry_dyson_lincoln_tbd__238_3.pcd,19.0,4002,19.0,5981.934306569343,-33.098563192092975
1_split0_strawberry_dyson_lincoln_tbd__239_3.pcd,16.6,2656,17.0,5467.44537815126,-51.42155401106011
1_split0_strawberry_dyson_lincoln_tbd__240_1.pcd,7.6,3608,8.0,4443.384615384615,-18.800637074994803
1_split0_strawberry_dyson_lincoln_tbd__240_2.pcd,7.6,2628,8.0,4443.384615384615,-40.85589640606606
1_split0_strawberry_dyson_lincoln_tbd__241_2.pcd,15.5,4483,16.0,5622.959677419355,-20.273303434794272
1_split1_strawberry_dyson_lincoln_tbd__004_1.pcd,21.2,2222,21.0,6019.345132743363,-63.08568538605617
1_split1_strawberry_dyson_lincoln_tbd__007_1.pcd,24.7,5849,25.0,6645.576923076923,-11.986572908527936
1_split1_strawberry_dyson_lincoln_tbd__007_2.pcd,24.7,5127,25.0,6645.576923076923,-22.85094192204184
1_split1_strawberry_dyson_lincoln_tbd__010_1.pcd,19.5,2808,20.0,5942.940677966101,-52.750664155022264
1_split1_strawberry_dyson_lincoln_tbd__010_2.pcd,19.5,2718,20.0,5942.940677966101,-54.2650659449254
1_split1_strawberry_dyson_lincoln_tbd__012_1.pcd,13.8,2625,14.0,5089.0,-48.4181568088033
1_split1_strawberry_dyson_lincoln_tbd__012_2.pcd,13.8,2286,14.0,5089.0,-55.07958341520928
1_split1_strawberry_dyson_lincoln_tbd__013_2.pcd,13.9,3825,14.0,5089.0,-24.837885635684813
1_split1_strawberry_dyson_lincoln_tbd__014_1.pcd,21.6,4532,22.0,6492.698630136986,-30.198515930433974
1_split1_strawberry_dyson_lincoln_tbd__014_2.pcd,21.6,3854,22.0,6492.698630136986,-40.64101509176799
1_split1_strawberry_dyson_lincoln_tbd__014_3.pcd,21.6,4404,22.0,6492.698630136986,-32.16996119983037
1_split1_strawberry_dyson_lincoln_tbd__015_1.pcd,16.9,4685,17.0,5467.44537815126,-14.31098664978036
1_split1_strawberry_dyson_lincoln_tbd__015_2.pcd,16.9,4175,17.0,5467.44537815126,-23.63892620337951
1_split1_strawberry_dyson_lincoln_tbd__015_3.pcd,16.9,4469,17.0,5467.44537815126,-18.26164340189294
1_split1_strawberry_dyson_lincoln_tbd__016_1.pcd,18.4,5040,18.0,5999.612068965517,-15.994568614350065
1_split1_strawberry_dyson_lincoln_tbd__016_2.pcd,18.4,4495,18.0,5999.612068965517,-25.078489270139592
1_split1_strawberry_dyson_lincoln_tbd__016_3.pcd,18.4,4820,18.0,5999.612068965517,-19.661472365310974
1_split1_strawberry_dyson_lincoln_tbd__017_1.pcd,24.7,5722,25.0,6645.576923076923,-13.897618427525535
1_split1_strawberry_dyson_lincoln_tbd__017_2.pcd,24.7,5404,25.0,6645.576923076923,-18.682756026275428
1_split1_strawberry_dyson_lincoln_tbd__019_3.pcd,15.9,3623,16.0,5622.959677419355,-35.567739983104985
1_split1_strawberry_dyson_lincoln_tbd__020_3.pcd,22.9,3630,23.0,6122.45744680851,-40.71008199669511
1_split1_strawberry_dyson_lincoln_tbd__021_2.pcd,29.7,5894,30.0,7382.909090909091,-20.16697039846328
1_split1_strawberry_dyson_lincoln_tbd__023_1.pcd,10.4,2448,10.0,4095.4464285714284,-40.22629662735181
1_split1_strawberry_dyson_lincoln_tbd__024_2.pcd,20.2,4131,20.0,5942.940677966101,-30.48895784344621
1_split1_strawberry_dyson_lincoln_tbd__025_1.pcd,27.9,3668,28.0,6610.428571428572,-44.51191839733754
1_split1_strawberry_dyson_lincoln_tbd__025_2.pcd,27.9,2833,28.0,6610.428571428572,-57.14347459641692
1_split1_strawberry_dyson_lincoln_tbd__026_1.pcd,21.3,3183,21.0,6019.345132743363,-47.12049351206876
1_split1_strawberry_dyson_lincoln_tbd__026_2.pcd,21.3,3112,21.0,6019.345132743363,-48.30002381701476
1_split1_strawberry_dyson_lincoln_tbd__027_1.pcd,20.3,5071,20.0,5942.940677966101,-14.671872482235718
1_split1_strawberry_dyson_lincoln_tbd__027_2.pcd,20.3,4101,20.0,5942.940677966101,-30.993758440080594
1_split1_strawberry_dyson_lincoln_tbd__029_1.pcd,15.7,2294,16.0,5622.959677419355,-59.2029797188084
1_split1_strawberry_dyson_lincoln_tbd__029_2.pcd,15.7,2340,16.0,5622.959677419355,-58.38490520575922
1_split1_strawberry_dyson_lincoln_tbd__029_3.pcd,15.7,2695,16.0,5622.959677419355,-52.07150407244492
1_split1_strawberry_dyson_lincoln_tbd__030_3.pcd,20.4,2388,20.0,5942.940677966101,-59.817872507903544
1_split1_strawberry_dyson_lincoln_tbd__031_3.pcd,23.3,2444,23.0,6122.45744680851,-60.08138853992365
1_split1_strawberry_dyson_lincoln_tbd__032_1.pcd,13.9,3325,14.0,5089.0,-34.66299862448418
1_split1_strawberry_dyson_lincoln_tbd__032_2.pcd,13.9,2811,14.0,5089.0,-44.76321477696993
1_split1_strawberry_dyson_lincoln_tbd__034_2.pcd,17.3,4826,17.0,5467.44537815126,-11.732085714373538
1_split1_strawberry_dyson_lincoln_tbd__037_1.pcd,22.6,4112,23.0,6122.45744680851,-32.837426217743875
1_split1_strawberry_dyson_lincoln_tbd__037_2.pcd,22.6,3639,23.0,6122.45744680851,-40.5630821999927
1_split1_strawberry_dyson_lincoln_tbd__037_3.pcd,22.6,3959,23.0,6122.45744680851,-35.33642276168483
1_split1_strawberry_dyson_lincoln_tbd__040_2.pcd,22.4,4143,22.0,6492.698630136986,-36.18986131945895
1_split1_strawberry_dyson_lincoln_tbd__040_3.pcd,22.4,2433,22.0,6492.698630136986,-62.527137965301385
1_split1_strawberry_dyson_lincoln_tbd__041_1.pcd,16.4,3967,16.0,5622.959677419355,-29.4499653637807
1_split1_strawberry_dyson_lincoln_tbd__041_2.pcd,16.4,3774,16.0,5622.959677419355,-32.88232147287834
1_split1_strawberry_dyson_lincoln_tbd__041_3.pcd,16.4,2332,16.0,5622.959677419355,-58.527179034115605
1_split1_strawberry_dyson_lincoln_tbd__043_1.pcd,16.7,2052,17.0,5467.44537815126,-62.46876085493048
1_split1_strawberry_dyson_lincoln_tbd__044_1.pcd,12.7,4113,13.0,4974.517647058824,-17.31861676213361
1_split1_strawberry_dyson_lincoln_tbd__044_2.pcd,12.7,3801,13.0,4974.517647058824,-23.59058164669824
1_split1_strawberry_dyson_lincoln_tbd__047_2.pcd,19.4,4191,19.0,5981.934306569343,-29.939050059485677
1_split1_strawberry_dyson_lincoln_tbd__047_3.pcd,19.4,2617,19.0,5981.934306569343,-56.251609163844904
1_split1_strawberry_dyson_lincoln_tbd__048_1.pcd,30.4,2450,30.0,7382.909090909091,-66.81524897798356
1_split1_strawberry_dyson_lincoln_tbd__050_1.pcd,13.1,4078,13.0,4974.517647058824,-18.02220256649182
1_split1_strawberry_dyson_lincoln_tbd__050_2.pcd,13.1,3900,13.0,4974.517647058824,-21.600438942942155
1_split1_strawberry_dyson_lincoln_tbd__050_3.pcd,13.1,2996,13.0,4974.517647058824,-39.773055146937104
1_split1_strawberry_dyson_lincoln_tbd__051_1.pcd,23.8,5067,24.0,6828.566265060241,-25.797015020175696
1_split1_strawberry_dyson_lincoln_tbd__051_2.pcd,23.8,4496,24.0,6828.566265060241,-34.15894602934871
1_split1_strawberry_dyson_lincoln_tbd__055_2.pcd,24.0,5719,24.0,6828.566265060241,-16.248890645428222
1_split1_strawberry_dyson_lincoln_tbd__055_3.pcd,24.0,3340,24.0,6828.566265060241,-51.087829123226136
1_split1_strawberry_dyson_lincoln_tbd__060_1.pcd,32.1,5074,32.0,7776.7,-34.753815885915614
1_split1_strawberry_dyson_lincoln_tbd__060_2.pcd,32.1,4510,32.0,7776.7,-42.00624943742204
1_split1_strawberry_dyson_lincoln_tbd__061_3.pcd,31.0,3288,31.0,6621.375,-50.342640312623885
1_split1_strawberry_dyson_lincoln_tbd__064_1.pcd,15.3,2692,15.0,5319.533333333334,-49.394057122805265
1_split1_strawberry_dyson_lincoln_tbd__064_3.pcd,15.3,3141,15.0,5319.533333333334,-40.95346709611119
1_split1_strawberry_dyson_lincoln_tbd__068_1.pcd,8.9,3378,9.0,3898.695652173913,-13.355637336901975
1_split1_strawberry_dyson_lincoln_tbd__068_2.pcd,8.9,3014,9.0,3898.695652173913,-22.692093230734915
1_split1_strawberry_dyson_lincoln_tbd__070_1.pcd,28.7,5646,29.0,6919.952380952381,-18.409843172606468
1_split1_strawberry_dyson_lincoln_tbd__070_2.pcd,28.7,4163,29.0,6919.952380952381,-39.84062648380459
1_split1_strawberry_dyson_lincoln_tbd__072_3.pcd,21.5,3005,22.0,6492.698630136986,-53.71724191768625
1_split1_strawberry_dyson_lincoln_tbd__074_2.pcd,17.4,4070,17.0,5467.44537815126,-25.559384346767573
1_split1_strawberry_dyson_lincoln_tbd__074_3.pcd,17.4,2418,17.0,5467.44537815126,-55.77459246940638
1_split1_strawberry_dyson_lincoln_tbd__075_1.pcd,23.9,5872,24.0,6828.566265060241,-14.008303177120915
1_split1_strawberry_dyson_lincoln_tbd__075_2.pcd,23.9,4559,24.0,6828.566265060241,-33.236351189457466
1_split1_strawberry_dyson_lincoln_tbd__076_2.pcd,22.3,5662,22.0,6492.698630136986,-12.794350661543946
1_split1_strawberry_dyson_lincoln_tbd__078_2.pcd,12.6,3780,13.0,4974.517647058824,-24.012733129313165
1_split1_strawberry_dyson_lincoln_tbd__079_1.pcd,14.9,3923,15.0,5319.533333333334,-26.25292945496473
1_split1_strawberry_dyson_lincoln_tbd__079_2.pcd,14.9,3322,15.0,5319.533333333334,-37.550912987354785
1_split1_strawberry_dyson_lincoln_tbd__079_3.pcd,14.9,2981,15.0,5319.533333333334,-43.96124973368592
1_split1_strawberry_dyson_lincoln_tbd__084_2.pcd,23.0,4650,23.0,6122.45744680851,-24.050105037088773
1_split1_strawberry_dyson_lincoln_tbd__084_3.pcd,23.0,4404,23.0,6122.45744680851,-28.06809948028795
1_split1_strawberry_dyson_lincoln_tbd__085_1.pcd,22.0,5695,22.0,6492.698630136986,-12.286087428027688
1_split1_strawberry_dyson_lincoln_tbd__085_2.pcd,22.0,4788,22.0,6492.698630136986,-26.25562539164119
1_split1_strawberry_dyson_lincoln_tbd__085_3.pcd,22.0,4615,22.0,6492.698630136986,-28.92015688855975
1_split1_strawberry_dyson_lincoln_tbd__087_2.pcd,26.0,4273,26.0,7366.076923076923,-41.99083114903038
1_split1_strawberry_dyson_lincoln_tbd__087_3.pcd,26.0,5078,26.0,7366.076923076923,-31.062354452323014
1_split1_strawberry_dyson_lincoln_tbd__089_1.pcd,29.1,5423,29.0,6919.952380952381,-21.63240870085811
1_split1_strawberry_dyson_lincoln_tbd__089_2.pcd,29.1,3489,29.0,6919.952380952381,-49.58057790103152
1_split1_strawberry_dyson_lincoln_tbd__089_3.pcd,29.1,5878,29.0,6919.952380952381,-15.057218945905213
1_split1_strawberry_dyson_lincoln_tbd__098_1.pcd,23.9,5043,24.0,6828.566265060241,-26.14847972108664
1_split1_strawberry_dyson_lincoln_tbd__098_2.pcd,23.9,3162,24.0,6828.566265060241,-53.69452565498235
1_split1_strawberry_dyson_lincoln_tbd__098_3.pcd,23.9,5467,24.0,6828.566265060241,-19.939270004993194
1_split1_strawberry_dyson_lincoln_tbd__102_2.pcd,25.8,5350,26.0,7366.076923076923,-27.36975114610637
1_split1_strawberry_dyson_lincoln_tbd__104_2.pcd,28.5,4551,28.0,6610.428571428572,-31.15423681196378
1_split1_strawberry_dyson_lincoln_tbd__104_3.pcd,28.5,5349,28.0,6610.428571428572,-19.08240226481966
1_split1_strawberry_dyson_lincoln_tbd__106_1.pcd,30.6,3500,31.0,6621.375,-47.14088841063979
1_split1_strawberry_dyson_lincoln_tbd__106_2.pcd,30.6,2819,31.0,6621.375,-57.425761265598155
1_split1_strawberry_dyson_lincoln_tbd__110_1.pcd,23.9,5566,24.0,6828.566265060241,-18.489478113735526
1_split1_strawberry_dyson_lincoln_tbd__110_2.pcd,23.9,3934,24.0,6828.566265060241,-42.38907777568012
1_split1_strawberry_dyson_lincoln_tbd__110_3.pcd,23.9,3133,24.0,6828.566265060241,-54.119212168583076
1_split1_strawberry_dyson_lincoln_tbd__115_2.pcd,21.8,4758,22.0,6492.698630136986,-26.717682876655967
1_split1_strawberry_dyson_lincoln_tbd__115_3.pcd,21.8,3561,22.0,6492.698630136986,-45.153776528745674
1_split1_strawberry_dyson_lincoln_tbd__120_2.pcd,27.87,4383,28.0,6610.428571428572,-33.69567566399412
1_split1_strawberry_dyson_lincoln_tbd__123_2.pcd,20.78,4768,21.0,6019.345132743363,-20.7887254368658
1_split1_strawberry_dyson_lincoln_tbd__123_3.pcd,20.78,4531,21.0,6019.345132743363,-24.72603082098132
1_split1_strawberry_dyson_lincoln_tbd__124_2.pcd,22.77,4944,23.0,6122.45744680851,-19.248111678143417
1_split1_strawberry_dyson_lincoln_tbd__124_3.pcd,22.77,2650,23.0,6122.45744680851,-56.716726526512964
1_split1_strawberry_dyson_lincoln_tbd__129_2.pcd,20.89,4634,21.0,6019.345132743363,-23.014881223665295
1_split1_strawberry_dyson_lincoln_tbd__130_2.pcd,16.42,3757,16.0,5622.959677419355,-33.18465335813564
1_split1_strawberry_dyson_lincoln_tbd__130_3.pcd,16.42,3890,16.0,5622.959677419355,-30.819350961710846
1_split1_strawberry_dyson_lincoln_tbd__134_2.pcd,16.71,3846,17.0,5467.44537815126,-29.656361719328768
1_split1_strawberry_dyson_lincoln_tbd__134_3.pcd,16.71,3539,17.0,5467.44537815126,-35.27141552904433
1_split1_strawberry_dyson_lincoln_tbd__135_2.pcd,18.17,2483,18.0,5999.612068965517,-58.61399084710936
1_split1_strawberry_dyson_lincoln_tbd__135_3.pcd,18.17,5134,18.0,5999.612068965517,-14.427800648030404
1_split1_strawberry_dyson_lincoln_tbd__138_2.pcd,21.4,4455,21.0,6019.345132743363,-25.988626640360142
1_split1_strawberry_dyson_lincoln_tbd__142_2.pcd,24.6,4115,25.0,6645.576923076923,-38.07911566397546
1_split1_strawberry_dyson_lincoln_tbd__142_3.pcd,24.6,4117,25.0,6645.576923076923,-38.04902045895188
1_split1_strawberry_dyson_lincoln_tbd__143_1.pcd,27.1,5082,27.0,7168.28125,-29.10434422477494
1_split1_strawberry_dyson_lincoln_tbd__143_2.pcd,27.1,3497,27.0,7168.28125,-51.21564182487957
1_split1_strawberry_dyson_lincoln_tbd__143_3.pcd,27.1,2662,27.0,7168.28125,-62.864180308215445
1_split1_strawberry_dyson_lincoln_tbd__144_2.pcd,20.5,4138,20.0,5942.940677966101,-30.37117103756486
1_split1_strawberry_dyson_lincoln_tbd__144_3.pcd,20.5,3883,20.0,5942.940677966101,-34.66197610895707
1_split1_strawberry_dyson_lincoln_tbd__145_2.pcd,16.7,4200,17.0,5467.44537815126,-23.181674264477593
1_split1_strawberry_dyson_lincoln_tbd__147_2.pcd,19.2,3815,19.0,5981.934306569343,-36.22464232329703
1_split1_strawberry_dyson_lincoln_tbd__147_3.pcd,19.2,3130,19.0,5981.934306569343,-47.6757878039108
1_split1_strawberry_dyson_lincoln_tbd__149_1.pcd,17.7,3575,18.0,5999.612068965517,-40.41281404688522
1_split1_strawberry_dyson_lincoln_tbd__149_2.pcd,17.7,2453,18.0,5999.612068965517,-59.11402317678586
1_split1_strawberry_dyson_lincoln_tbd__149_3.pcd,17.7,3845,18.0,5999.612068965517,-35.91252307979683
1_split1_strawberry_dyson_lincoln_tbd__153_2.pcd,21.0,4245,21.0,6019.345132743363,-29.47737824653845
1_split1_strawberry_dyson_lincoln_tbd__154_1.pcd,12.8,4162,13.0,4974.517647058824,-16.333596636032112
1_split1_strawberry_dyson_lincoln_tbd__154_2.pcd,12.8,3008,13.0,4974.517647058824,-39.5318257283
1_split1_strawberry_dyson_lincoln_tbd__154_3.pcd,12.8,2308,13.0,4974.517647058824,-53.603541815464226
1_split1_strawberry_dyson_lincoln_tbd__158_1.pcd,30.6,3701,31.0,6621.375,-44.10526514507938
1_split1_strawberry_dyson_lincoln_tbd__158_2.pcd,30.6,2354,31.0,6621.375,-64.44847180532744
1_split1_strawberry_dyson_lincoln_tbd__159_2.pcd,18.7,4591,19.0,5981.934306569343,-23.2522497788353
1_split1_strawberry_dyson_lincoln_tbd__159_3.pcd,18.7,3062,19.0,5981.934306569343,-48.81254385162136
1_split1_strawberry_dyson_lincoln_tbd__160_1.pcd,13.9,2693,14.0,5089.0,-47.08194144232659
1_split1_strawberry_dyson_lincoln_tbd__160_3.pcd,13.9,2379,14.0,5089.0,-53.25211239929259
1_split1_strawberry_dyson_lincoln_tbd__162_2.pcd,18.1,3823,18.0,5999.612068965517,-36.27921345489292
1_split1_strawberry_dyson_lincoln_tbd__163_2.pcd,17.3,3979,17.0,5467.44537815126,-27.223781404370555
1_split1_strawberry_dyson_lincoln_tbd__164_2.pcd,23.3,3642,23.0,6122.45744680851,-40.51408226775856
1_split1_strawberry_dyson_lincoln_tbd__166_2.pcd,19.6,2514,20.0,5942.940677966101,-57.69771000203916
1_split1_strawberry_dyson_lincoln_tbd__167_2.pcd,21.8,5397,22.0,6492.698630136986,-16.875858445841164
1_split1_strawberry_dyson_lincoln_tbd__171_2.pcd,26.7,6369,27.0,7168.28125,-11.150249580399764
1_split1_strawberry_dyson_lincoln_tbd__172_2.pcd,11.5,3924,12.0,4589.2625,-14.496065544300416
1_split1_strawberry_dyson_lincoln_tbd__183_2.pcd,19.2,3353,19.0,5981.934306569343,-43.94789664744822
1_split1_strawberry_dyson_lincoln_tbd__183_3.pcd,19.2,2454,19.0,5981.934306569343,-58.97648027820994
1_split1_strawberry_dyson_lincoln_tbd__188_1.pcd,20.6,4150,21.0,6019.345132743363,-31.05562302076197
1_split1_strawberry_dyson_lincoln_tbd__188_2.pcd,20.6,2633,21.0,6019.345132743363,-56.25770009967862
1_split1_strawberry_dyson_lincoln_tbd__192_1.pcd,17.3,3430,17.0,5467.44537815126,-37.265033982656696
1_split1_strawberry_dyson_lincoln_tbd__192_3.pcd,17.3,4675,17.0,5467.44537815126,-14.493887425341129
1_split1_strawberry_dyson_lincoln_tbd__197_2.pcd,20.9,3022,21.0,6019.345132743363,-49.795203076805464
1_split1_strawberry_dyson_lincoln_tbd__198_2.pcd,16.4,4492,16.0,5622.959677419355,-20.113245377893346
1_split1_strawberry_dyson_lincoln_tbd__202_2.pcd,10.0,3017,10.0,4095.4464285714284,-26.33281737120931
1_split1_strawberry_dyson_lincoln_tbd__203_2.pcd,20.9,4392,21.0,6019.345132743363,-27.03525212221363
1_split1_strawberry_dyson_lincoln_tbd__203_3.pcd,20.9,4143,21.0,6019.345132743363,-31.171914740967914
1_split1_strawberry_dyson_lincoln_tbd__206_2.pcd,21.0,4538,21.0,6019.345132743363,-24.60973910077538
1_split1_strawberry_dyson_lincoln_tbd__206_3.pcd,21.0,3846,21.0,6019.345132743363,-36.10600629827724
1_split1_strawberry_dyson_lincoln_tbd__211_2.pcd,22.1,4441,22.0,6492.698630136986,-31.600090301645473
1_split1_strawberry_dyson_lincoln_tbd__211_3.pcd,22.1,3648,22.0,6492.698630136986,-43.813809822202806
1_split1_strawberry_dyson_lincoln_tbd__215_2.pcd,10.1,2598,10.0,4095.4464285714284,-36.56369225402777
1_split1_strawberry_dyson_lincoln_tbd__215_3.pcd,10.1,2645,10.0,4095.4464285714284,-35.41607621705291
1_split1_strawberry_dyson_lincoln_tbd__217_2.pcd,23.3,4974,23.0,6122.45744680851,-18.758112355802055
1_split1_strawberry_dyson_lincoln_tbd__222_2.pcd,20.4,5313,20.0,5942.940677966101,-10.59981433605174
1_split1_strawberry_dyson_lincoln_tbd__225_2.pcd,19.1,4792,19.0,5981.934306569343,-19.892132637808484
1_split1_strawberry_dyson_lincoln_tbd__229_1.pcd,20.0,5202,20.0,5942.940677966101,-12.467576543598936
1_split1_strawberry_dyson_lincoln_tbd__229_2.pcd,20.0,3344,20.0,5942.940677966101,-43.731560161821385
1_split1_strawberry_dyson_lincoln_tbd__236_2.pcd,22.8,3747,23.0,6122.45744680851,-38.799084639563794
1_split1_strawberry_dyson_lincoln_tbd__239_2.pcd,16.6,4239,17.0,5467.44537815126,-22.4683612397906
1_split1_strawberry_dyson_lincoln_tbd__240_1.pcd,7.6,3683,8.0,4443.384615384615,-17.112734575167924
1_split1_strawberry_dyson_lincoln_tbd__240_2.pcd,7.6,2890,8.0,4443.384615384615,-34.95949034000415
1_split1_strawberry_dyson_lincoln_tbd__66_3.pcd,13.2,3649,13.0,4974.517647058824,-26.646154282768187
1_split2_strawberry_dyson_lincoln_tbd__003_1.pcd,22.8,2193,23.0,6122.45744680851,-64.18104953684637
1_split2_strawberry_dyson_lincoln_tbd__003_3.pcd,22.8,2341,23.0,6122.45744680851,-61.76371954662899
1_split2_strawberry_dyson_lincoln_tbd__014_1.pcd,21.6,5405,22.0,6492.698630136986,-16.75264311650389
1_split2_strawberry_dyson_lincoln_tbd__014_2.pcd,21.6,4900,22.0,6492.698630136986,-24.530610780919346
1_split2_strawberry_dyson_lincoln_tbd__015_1.pcd,16.9,3506,17.0,5467.44537815126,-35.874988088394865
1_split2_strawberry_dyson_lincoln_tbd__015_2.pcd,16.9,3226,17.0,5467.44537815126,-40.99620980409636
1_split2_strawberry_dyson_lincoln_tbd__021_1.pcd,29.7,2189,30.0,7382.909090909091,-70.35044082155346
1_split2_strawberry_dyson_lincoln_tbd__021_3.pcd,29.7,3463,30.0,7382.909090909091,-53.094370290104905
1_split2_strawberry_dyson_lincoln_tbd__024_1.pcd,20.2,2074,20.0,5942.940677966101,-65.10145208601004
1_split2_strawberry_dyson_lincoln_tbd__030_1.pcd,20.4,5206,20.0,5942.940677966101,-12.40026979738102
1_split2_strawberry_dyson_lincoln_tbd__030_2.pcd,20.4,4593,20.0,5942.940677966101,-22.7150286552768
1_split2_strawberry_dyson_lincoln_tbd__032_1.pcd,13.9,2541,14.0,5089.0,-50.06877579092159
1_split2_strawberry_dyson_lincoln_tbd__032_2.pcd,13.9,2179,14.0,5089.0,-57.182157594812345
1_split2_strawberry_dyson_lincoln_tbd__037_1.pcd,22.6,3108,23.0,6122.45744680851,-49.23607020543482
1_split2_strawberry_dyson_lincoln_tbd__043_3.pcd,16.7,3252,17.0,5467.44537815126,-40.52066778763837
1_split2_strawberry_dyson_lincoln_tbd__045_2.pcd,11.1,3055,11.0,4421.55737704918,-30.906697810651977
1_split2_strawberry_dyson_lincoln_tbd__051_1.pcd,23.8,3639,24.0,6828.566265060241,-46.70916472437722
1_split2_strawberry_dyson_lincoln_tbd__051_2.pcd,23.8,3526,24.0,6828.566265060241,-48.36397769116627
1_split2_strawberry_dyson_lincoln_tbd__072_2.pcd,21.5,2418,22.0,6492.698630136986,-62.75816670780877
1_split2_strawberry_dyson_lincoln_tbd__079_2.pcd,14.9,2548,15.0,5319.533333333334,-52.10106149662251
1_split2_strawberry_dyson_lincoln_tbd__079_3.pcd,14.9,2164,15.0,5319.533333333334,-59.31973982680185
1_split2_strawberry_dyson_lincoln_tbd__085_2.pcd,22.0,3913,22.0,6492.698630136986,-39.73230203790559
1_split2_strawberry_dyson_lincoln_tbd__143_1.pcd,27.1,4795,27.0,7168.28125,-33.10809338012512
1_split2_strawberry_dyson_lincoln_tbd__143_2.pcd,27.1,2860,27.0,7168.28125,-60.102011901388494
1_split2_strawberry_dyson_lincoln_tbd__143_3.pcd,27.1,3359,27.0,7168.28125,-53.14078950236502
1_split2_strawberry_dyson_lincoln_tbd__153_1.pcd,21.0,2814,21.0,6019.345132743363,-53.25072847721065
1_split2_strawberry_dyson_lincoln_tbd__153_2.pcd,21.0,2210,21.0,6019.345132743363,-63.28504262069493
1_split2_strawberry_dyson_lincoln_tbd__153_3.pcd,21.0,2381,21.0,6019.345132743363,-60.44420202709259
1_split2_strawberry_dyson_lincoln_tbd__155_2.pcd,11.5,2891,12.0,4589.2625,-37.00512881971776
1_split2_strawberry_dyson_lincoln_tbd__159_3.pcd,18.7,2168,19.0,5981.934306569343,-63.75754247887496
1_split2_strawberry_dyson_lincoln_tbd__163_1.pcd,17.3,4084,17.0,5467.44537815126,-25.303323260982495
1_split2_strawberry_dyson_lincoln_tbd__163_2.pcd,17.3,2565,17.0,5467.44537815126,-53.08595106866309
1_split2_strawberry_dyson_lincoln_tbd__163_3.pcd,17.3,3609,17.0,5467.44537815126,-33.99111010011896
1_split2_strawberry_dyson_lincoln_tbd__166_1.pcd,19.6,3652,20.0,5942.940677966101,-38.54894070304177
1_split2_strawberry_dyson_lincoln_tbd__166_2.pcd,19.6,3953,20.0,5942.940677966101,-33.48410805014352
1_split2_strawberry_dyson_lincoln_tbd__166_3.pcd,19.6,5208,20.0,5942.940677966101,-12.366616424272062
1_split2_strawberry_dyson_lincoln_tbd__167_1.pcd,21.8,4337,22.0,6492.698630136986,-33.201889583030045
1_split2_strawberry_dyson_lincoln_tbd__167_2.pcd,21.8,2285,22.0,6492.698630136986,-64.80662155804096
1_split3_strawberry_dyson_lincoln_tbd__003_3.pcd,22.8,2743,23.0,6122.45744680851,-55.197728627254726
3_split0_strawberry_dyson_lincoln_tbd__01_2.pcd,11.7,3374,12.0,4589.2625,-26.480561963932107
3_split0_strawberry_dyson_lincoln_tbd__02_2.pcd,12.0,2899,12.0,4589.2625,-36.830808871795846
3_split0_strawberry_dyson_lincoln_tbd__03_2.pcd,11.4,2944,11.0,4421.55737704918,-33.417125484307505
3_split0_strawberry_dyson_lincoln_tbd__04_2.pcd,22.0,4831,22.0,6492.698630136986,-25.593342996453337
3_split0_strawberry_dyson_lincoln_tbd__04_3.pcd,22.0,3145,22.0,6492.698630136986,-51.56097365428395
3_split0_strawberry_dyson_lincoln_tbd__05_2.pcd,14.4,3395,14.0,5089.0,-33.28748280605227
3_split0_strawberry_dyson_lincoln_tbd__06_2.pcd,18.2,3926,18.0,5999.612068965517,-34.56243578967031
3_split0_strawberry_dyson_lincoln_tbd__07_2.pcd,15.2,3624,15.0,5319.533333333334,-31.873723258932497
3_split0_strawberry_dyson_lincoln_tbd__08_2.pcd,21.26,4516,21.0,6019.345132743363,-24.975227364279775
3_split0_strawberry_dyson_lincoln_tbd__10_2.pcd,10.9,3212,11.0,4421.55737704918,-27.355912722688757
3_split0_strawberry_dyson_lincoln_tbd__10_3.pcd,10.9,3912,11.0,4421.55737704918,-11.524386852789052
3_split0_strawberry_dyson_lincoln_tbd__11_2.pcd,22.4,5092,22.0,6492.698630136986,-21.573442876824757
3_split0_strawberry_dyson_lincoln_tbd__12_2.pcd,18.3,4618,18.0,5999.612068965517,-23.028356718465993
3_split0_strawberry_dyson_lincoln_tbd__13_2.pcd,22.1,3997,22.0,6492.698630136986,-38.43854107986421
3_split0_strawberry_dyson_lincoln_tbd__13_3.pcd,22.1,4403,22.0,6492.698630136986,-32.185363115997525
3_split0_strawberry_dyson_lincoln_tbd__14_2.pcd,21.8,4267,22.0,6492.698630136986,-34.28002371473119
3_split0_strawberry_dyson_lincoln_tbd__16_2.pcd,23.8,4814,24.0,6828.566265060241,-29.502038742278625
3_split0_strawberry_dyson_lincoln_tbd__17_2.pcd,25.6,5722,26.0,7366.076923076923,-22.31957309495713
3_split0_strawberry_dyson_lincoln_tbd__18_2.pcd,27.4,5380,27.0,7168.28125,-24.947141269045492
3_split0_strawberry_dyson_lincoln_tbd__19_2.pcd,21.9,5655,22.0,6492.698630136986,-12.90216407471406
3_split0_strawberry_dyson_lincoln_tbd__19_3.pcd,21.9,5004,22.0,6492.698630136986,-22.928811499534778
3_split0_strawberry_dyson_lincoln_tbd__20_2.pcd,14.3,4221,14.0,5089.0,-17.05639614855571
3_split0_strawberry_dyson_lincoln_tbd__20_3.pcd,14.3,2101,14.0,5089.0,-58.71487522106504
3_split0_strawberry_dyson_lincoln_tbd__21_2.pcd,23.0,4963,23.0,6122.45744680851,-18.937778773993887
3_split0_strawberry_dyson_lincoln_tbd__22_2.pcd,16.0,3506,16.0,5622.959677419355,-37.64849472281703
3_split0_strawberry_dyson_lincoln_tbd__22_3.pcd,16.0,4767,16.0,5622.959677419355,-15.222582528142828
3_split0_strawberry_dyson_lincoln_tbd__23_2.pcd,15.3,4216,15.0,5319.533333333334,-20.744927499906012
3_split0_strawberry_dyson_lincoln_tbd__24_2.pcd,14.6,3906,15.0,5319.533333333334,-26.572506360207043
3_split0_strawberry_dyson_lincoln_tbd__25_2.pcd,26.6,5738,27.0,7168.28125,-19.952917583974543
3_split0_strawberry_dyson_lincoln_tbd__26_2.pcd,24.8,4929,25.0,6645.576923076923,-25.830367219376683
3_split0_strawberry_dyson_lincoln_tbd__27_2.pcd,22.8,4751,23.0,6122.45744680851,-22.400440651872852
3_split0_strawberry_dyson_lincoln_tbd__27_3.pcd,22.8,2398,23.0,6122.45744680851,-60.83272083418041
3_split0_strawberry_dyson_lincoln_tbd__28_2.pcd,31.6,5983,32.0,7776.7,-23.065053300243033
3_split0_strawberry_dyson_lincoln_tbd__29_2.pcd,18.6,3927,19.0,5981.934306569343,-34.35233824471492
3_split0_strawberry_dyson_lincoln_tbd__30_2.pcd,15.2,3813,15.0,5319.533333333334,-28.32078001829735
3_split0_strawberry_dyson_lincoln_tbd__32_2.pcd,21.9,4906,22.0,6492.698630136986,-24.43819928391639
3_split0_strawberry_dyson_lincoln_tbd__32_3.pcd,21.9,5160,22.0,6492.698630136986,-20.526112577457923
3_split0_strawberry_dyson_lincoln_tbd__33_2.pcd,13.0,3381,13.0,4974.517647058824,-32.033611298996775
3_split0_strawberry_dyson_lincoln_tbd__34_2.pcd,17.8,4925,18.0,5999.612068965517,-17.91135921144327
3_split0_strawberry_dyson_lincoln_tbd__35_2.pcd,6.7,2564,7.0,3414.125,-24.900230659392964
3_split0_strawberry_dyson_lincoln_tbd__36_2.pcd,25.3,4735,25.0,6645.576923076923,-28.74960210666435
3_split0_strawberry_dyson_lincoln_tbd__37_2.pcd,19.6,4302,20.0,5942.940677966101,-27.61159444263026
3_split0_strawberry_dyson_lincoln_tbd__37_3.pcd,19.6,3602,20.0,5942.940677966101,-39.390275030765736
3_split0_strawberry_dyson_lincoln_tbd__38_2.pcd,13.3,4249,13.0,4974.517647058824,-14.584683350913133
3_split0_strawberry_dyson_lincoln_tbd__39_2.pcd,22.3,5445,22.0,6492.698630136986,-16.136566469817517
3_split0_strawberry_dyson_lincoln_tbd__40_2.pcd,13.7,4309,14.0,5089.0,-15.32717626252702
3_split0_strawberry_dyson_lincoln_tbd__41_2.pcd,17.4,3676,17.0,5467.44537815126,-32.765674903861814
3_split0_strawberry_dyson_lincoln_tbd__42_2.pcd,25.8,5746,26.0,7366.076923076923,-21.993755156173307
3_split0_strawberry_dyson_lincoln_tbd__43_2.pcd,19.7,4703,20.0,5942.940677966101,-20.864093134284083
3_split0_strawberry_dyson_lincoln_tbd__43_3.pcd,19.7,4923,20.0,5942.940677966101,-17.16222209229865
3_split0_strawberry_dyson_lincoln_tbd__44_2.pcd,15.4,3835,15.0,5319.533333333334,-27.907209905630825
3_split0_strawberry_dyson_lincoln_tbd__45_2.pcd,15.9,4469,16.0,5622.959677419355,-20.522282634417934
3_split0_strawberry_dyson_lincoln_tbd__46_2.pcd,24.4,5010,24.0,6828.566265060241,-26.631743684839197
3_split0_strawberry_dyson_lincoln_tbd__48_3.pcd,19.5,4606,20.0,5942.940677966101,-22.49628173006857
3_split0_strawberry_dyson_lincoln_tbd__49_2.pcd,10.3,2925,10.0,4095.4464285714284,-28.579214720181383
3_split0_strawberry_dyson_lincoln_tbd__49_3.pcd,10.3,3201,10.0,4095.4464285714284,-21.840022673265167
3_split0_strawberry_dyson_lincoln_tbd__51_2.pcd,24.4,5204,24.0,6828.566265060241,-23.790737352475688
4_split0_strawberry_dyson_lincoln_tbd__01_2.pcd,14.0,4530,14.0,5089.0,-10.984476321477697
4_split0_strawberry_dyson_lincoln_tbd__05_3.pcd,18.2,4723,18.0,5999.612068965517,-21.278243564598284
4_split0_strawberry_dyson_lincoln_tbd__06_3.pcd,15.9,2802,16.0,5622.959677419355,-50.16859161817835
4_split0_strawberry_dyson_lincoln_tbd__09_3.pcd,18.2,4457,18.0,5999.612068965517,-25.711863554396473
4_split0_strawberry_dyson_lincoln_tbd__103_3.pcd,15.0,2149,15.0,5319.533333333334,-59.60171944907449
4_split0_strawberry_dyson_lincoln_tbd__104_2.pcd,10.5,3035,10.0,4095.4464285714284,-25.893304846410427
4_split0_strawberry_dyson_lincoln_tbd__105_2.pcd,15.8,4104,16.0,5622.959677419355,-27.013526053177717
4_split0_strawberry_dyson_lincoln_tbd__105_3.pcd,15.8,2446,16.0,5622.959677419355,-56.49977698003721
4_split0_strawberry_dyson_lincoln_tbd__106_3.pcd,21.0,3934,21.0,6019.345132743363,-34.64405324425966
4_split0_strawberry_dyson_lincoln_tbd__107_3.pcd,21.2,3190,21.0,6019.345132743363,-47.00420179186281
4_split0_strawberry_dyson_lincoln_tbd__108_3.pcd,20.2,3087,20.0,5942.940677966101,-48.05601860632255
4_split0_strawberry_dyson_lincoln_tbd__10_3.pcd,9.3,2945,9.0,3898.695652173913,-24.461915913906545
4_split0_strawberry_dyson_lincoln_tbd__111_3.pcd,21.6,5591,22.0,6492.698630136986,-13.887886709412257
4_split0_strawberry_dyson_lincoln_tbd__112_3.pcd,18.0,4593,18.0,5999.612068965517,-23.44505032652973
4_split0_strawberry_dyson_lincoln_tbd__114_3.pcd,20.0,4389,20.0,5942.940677966101,-26.14767271239057
4_split0_strawberry_dyson_lincoln_tbd__115_3.pcd,18.6,3953,19.0,5981.934306569343,-33.91769622647265
4_split0_strawberry_dyson_lincoln_tbd__116_1.pcd,8.5,3437,8.0,4443.384615384615,-22.649054774600096
4_split0_strawberry_dyson_lincoln_tbd__116_2.pcd,8.5,3940,8.0,4443.384615384615,-11.328855342427808
4_split0_strawberry_dyson_lincoln_tbd__116_3.pcd,8.5,3873,8.0,4443.384615384615,-12.836714908939822
4_split0_strawberry_dyson_lincoln_tbd__117_1.pcd,11.0,3787,11.0,4421.55737704918,-14.35144504384257
4_split0_strawberry_dyson_lincoln_tbd__118_1.pcd,7.5,3769,8.0,4443.384615384615,-15.177273042033098
4_split0_strawberry_dyson_lincoln_tbd__118_2.pcd,7.5,2838,8.0,4443.384615384615,-36.12976940655079
4_split0_strawberry_dyson_lincoln_tbd__119_3.pcd,16.9,3331,17.0,5467.44537815126,-39.0757516607083
4_split0_strawberry_dyson_lincoln_tbd__121_3.pcd,10.8,3674,11.0,4421.55737704918,-16.90710564855495
4_split0_strawberry_dyson_lincoln_tbd__122_1.pcd,21.0,5023,21.0,6019.345132743363,-16.55238420079214
4_split0_strawberry_dyson_lincoln_tbd__122_2.pcd,21.0,3269,21.0,6019.345132743363,-45.69176666382431
4_split0_strawberry_dyson_lincoln_tbd__122_3.pcd,21.0,5290,21.0,6019.345132743363,-12.116685730079718
4_split0_strawberry_dyson_lincoln_tbd__124_2.pcd,10.6,2982,11.0,4421.55737704918,-32.55769979422723
4_split0_strawberry_dyson_lincoln_tbd__125_3.pcd,13.5,3549,14.0,5089.0,-30.261348005502064
4_split0_strawberry_dyson_lincoln_tbd__126_3.pcd,11.2,2623,11.0,4421.55737704918,-40.67701091893294
4_split0_strawberry_dyson_lincoln_tbd__129_3.pcd,17.0,2555,17.0,5467.44537815126,-53.26885184422386
4_split0_strawberry_dyson_lincoln_tbd__12_3.pcd,17.5,5185,18.0,5999.612068965517,-13.577745687580375
4_split0_strawberry_dyson_lincoln_tbd__131_3.pcd,29.9,5757,30.0,7382.909090909091,-22.0226074964291
4_split0_strawberry_dyson_lincoln_tbd__132_3.pcd,14.7,3469,15.0,5319.533333333334,-34.78751268908301
4_split0_strawberry_dyson_lincoln_tbd__133_3.pcd,33.3,6482,33.0,9576.666666666666,-32.31465367211973
4_split0_strawberry_dyson_lincoln_tbd__138_3.pcd,15.6,4628,16.0,5622.959677419355,-17.694590295834907
4_split0_strawberry_dyson_lincoln_tbd__140_3.pcd,13.0,2582,13.0,4974.517647058824,-48.095470089917086
4_split0_strawberry_dyson_lincoln_tbd__143_3.pcd,17.0,3138,17.0,5467.44537815126,-42.605736629031114
4_split0_strawberry_dyson_lincoln_tbd__146_3.pcd,13.8,3952,14.0,5089.0,-22.34230693652977
4_split0_strawberry_dyson_lincoln_tbd__147_3.pcd,12.7,4241,13.0,4974.517647058824,-14.745502963337866
4_split0_strawberry_dyson_lincoln_tbd__148_3.pcd,24.2,4409,24.0,6828.566265060241,-35.433005570150904
4_split0_strawberry_dyson_lincoln_tbd__149_3.pcd,12.6,2806,13.0,4974.517647058824,-43.592520942024535
4_split0_strawberry_dyson_lincoln_tbd__150_3.pcd,29.5,5361,30.0,7382.909090909091,-27.3863468452938
4_split0_strawberry_dyson_lincoln_tbd__151_1.pcd,19.5,3563,20.0,5942.940677966101,-40.04651580639043
4_split0_strawberry_dyson_lincoln_tbd__151_2.pcd,19.5,3579,20.0,5942.940677966101,-39.77728882151876
4_split0_strawberry_dyson_lincoln_tbd__151_3.pcd,19.5,4050,20.0,5942.940677966101,-31.851919454359034
4_split0_strawberry_dyson_lincoln_tbd__153_3.pcd,11.2,2803,11.0,4421.55737704918,-36.60604712381588
4_split0_strawberry_dyson_lincoln_tbd__154_3.pcd,21.8,5792,22.0,6492.698630136986,-10.792101559813233
4_split0_strawberry_dyson_lincoln_tbd__155_3.pcd,17.6,3534,18.0,5999.612068965517,-41.096191564109745
4_split0_strawberry_dyson_lincoln_tbd__158_3.pcd,15.7,4769,16.0,5622.959677419355,-15.187014071053733
4_split0_strawberry_dyson_lincoln_tbd__15_3.pcd,23.2,5421,23.0,6122.45744680851,-11.457122452915751
4_split0_strawberry_dyson_lincoln_tbd__162_3.pcd,19.2,4316,19.0,5981.934306569343,-27.849424971782433
4_split0_strawberry_dyson_lincoln_tbd__163_3.pcd,15.5,4176,16.0,5622.959677419355,-25.73306159797031
4_split0_strawberry_dyson_lincoln_tbd__164_3.pcd,18.0,3551,18.0,5999.612068965517,-40.8128399106264
4_split0_strawberry_dyson_lincoln_tbd__167_3.pcd,21.0,4147,21.0,6019.345132743363,-31.105462329421663
4_split0_strawberry_dyson_lincoln_tbd__170_3.pcd,16.9,3044,17.0,5467.44537815126,-44.32500391930233
4_split0_strawberry_dyson_lincoln_tbd__172_3.pcd,11.0,2570,11.0,4421.55737704918,-41.87568359193964
4_split0_strawberry_dyson_lincoln_tbd__176_2.pcd,13.2,3915,13.0,4974.517647058824,-21.29890216964578
4_split0_strawberry_dyson_lincoln_tbd__176_3.pcd,13.2,4422,13.0,4974.517647058824,-11.106959232228258
4_split0_strawberry_dyson_lincoln_tbd__178_3.pcd,21.0,5007,21.0,6019.345132743363,-16.818193846977156
4_split0_strawberry_dyson_lincoln_tbd__180_3.pcd,19.4,5257,19.0,5981.934306569343,-12.118727311552421
4_split0_strawberry_dyson_lincoln_tbd__184_3.pcd,21.3,2815,21.0,6019.345132743363,-53.234115374324084
4_split0_strawberry_dyson_lincoln_tbd__187_2.pcd,26.4,6407,26.0,7366.076923076923,-13.020186092168881
4_split0_strawberry_dyson_lincoln_tbd__187_3.pcd,26.4,4755,26.0,7366.076923076923,-35.44732087845529
4_split0_strawberry_dyson_lincoln_tbd__189_3.pcd,10.6,2591,11.0,4421.55737704918,-41.400737815842646
4_split0_strawberry_dyson_lincoln_tbd__18_1.pcd,17.7,5221,18.0,5999.612068965517,-12.977706891968591
4_split0_strawberry_dyson_lincoln_tbd__18_2.pcd,17.7,4511,18.0,5999.612068965517,-24.8118053609788
4_split0_strawberry_dyson_lincoln_tbd__18_3.pcd,17.7,3688,18.0,5999.612068965517,-38.52935893843711
4_split0_strawberry_dyson_lincoln_tbd__192_3.pcd,18.7,4660,19.0,5981.934306569343,-22.098776730423108
4_split0_strawberry_dyson_lincoln_tbd__193_3.pcd,22.5,5631,22.0,6492.698630136986,-13.271810062725883
4_split0_strawberry_dyson_lincoln_tbd__199_3.pcd,34.4,3752,34.0,7802.0,-51.90976672648039
4_split0_strawberry_dyson_lincoln_tbd__19_3.pcd,15.5,4137,16.0,5622.959677419355,-26.42664651120765
4_split0_strawberry_dyson_lincoln_tbd__202_3.pcd,16.5,3937,16.0,5622.959677419355,-29.98349222011712
4_split0_strawberry_dyson_lincoln_tbd__211_3.pcd,18.8,4622,19.0,5981.934306569343,-22.734022757084894
4_split0_strawberry_dyson_lincoln_tbd__21_3.pcd,19.0,4065,19.0,5981.934306569343,-32.045392147890546
4_split0_strawberry_dyson_lincoln_tbd__24_3.pcd,22.3,4065,22.0,6492.698630136986,-37.391210780497374
4_split0_strawberry_dyson_lincoln_tbd__27_3.pcd,18.6,3831,19.0,5981.934306569343,-35.957170312071014
4_split0_strawberry_dyson_lincoln_tbd__37_3.pcd,18.1,2773,18.0,5999.612068965517,-53.78034499356998
4_split0_strawberry_dyson_lincoln_tbd__42_2.pcd,12.8,4393,13.0,4974.517647058824,-11.68993032726792
4_split0_strawberry_dyson_lincoln_tbd__43_3.pcd,13.0,3021,13.0,4974.517647058824,-39.27049385810981
4_split0_strawberry_dyson_lincoln_tbd__44_3.pcd,26.6,5655,27.0,7168.28125,-21.110796259563617
4_split0_strawberry_dyson_lincoln_tbd__45_3.pcd,10.5,2190,10.0,4095.4464285714284,-46.52597614946914
4_split0_strawberry_dyson_lincoln_tbd__46_3.pcd,22.3,3518,22.0,6492.698630136986,-45.816058923933525
4_split0_strawberry_dyson_lincoln_tbd__48_3.pcd,18.6,4327,19.0,5981.934306569343,-27.665537964064548
4_split0_strawberry_dyson_lincoln_tbd__49_3.pcd,11.3,2571,11.0,4421.55737704918,-41.85306712641121
4_split0_strawberry_dyson_lincoln_tbd__52_3.pcd,12.2,2721,12.0,4589.2625,-40.70942771305847
4_split0_strawberry_dyson_lincoln_tbd__58_3.pcd,28.6,5555,29.0,6919.952380952381,-19.72488112359705
4_split0_strawberry_dyson_lincoln_tbd__63_2.pcd,18.7,4376,19.0,5981.934306569343,-26.846404929684876
4_split0_strawberry_dyson_lincoln_tbd__63_3.pcd,18.7,2970,19.0,5981.934306569343,-50.35050791617095
4_split0_strawberry_dyson_lincoln_tbd__66_3.pcd,25.5,5385,26.0,7366.076923076923,-26.894599985379962
4_split0_strawberry_dyson_lincoln_tbd__71_3.pcd,11.2,3460,11.0,4421.55737704918,-21.747029271638578
4_split0_strawberry_dyson_lincoln_tbd__76_3.pcd,18.6,3779,19.0,5981.934306569343,-36.826454348555565
4_split0_strawberry_dyson_lincoln_tbd__77_3.pcd,16.6,4167,17.0,5467.44537815126,-23.785246823828125
4_split0_strawberry_dyson_lincoln_tbd__90_3.pcd,12.14,3507,12.0,4589.2625,-23.582492829730263
4_split0_strawberry_dyson_lincoln_tbd__92_2.pcd,8.0,3876,8.0,4443.384615384615,-12.769198808946747
4_split0_strawberry_dyson_lincoln_tbd__93_1.pcd,7.6,3503,8.0,4443.384615384615,-21.16370057475244
4_split0_strawberry_dyson_lincoln_tbd__93_2.pcd,7.6,3330,8.0,4443.384615384615,-25.057129007686445
4_split1_strawberry_dyson_lincoln_tbd__121_2.pcd,10.8,3678,11.0,4421.55737704918,-16.81663978644124
1_split0_strawberry_dyson_lincoln_tbd__005_3.pcd,18.8,245,,,
1_split0_strawberry_dyson_lincoln_tbd__009_3.pcd,19.5,1671,,,
1_split0_strawberry_dyson_lincoln_tbd__012_3.pcd,13.8,983,,,
1_split0_strawberry_dyson_lincoln_tbd__013_1.pcd,13.9,113,,,
1_split0_strawberry_dyson_lincoln_tbd__013_2.pcd,13.9,19,,,
1_split0_strawberry_dyson_lincoln_tbd__017_3.pcd,24.7,303,,,
1_split0_strawberry_dyson_lincoln_tbd__024_3.pcd,20.2,1666,,,
1_split0_strawberry_dyson_lincoln_tbd__028_3.pcd,12.1,1907,,,
1_split0_strawberry_dyson_lincoln_tbd__029_3.pcd,15.7,608,,,
1_split0_strawberry_dyson_lincoln_tbd__043_3.pcd,16.7,547,,,
1_split0_strawberry_dyson_lincoln_tbd__045_3.pcd,11.1,1411,,,
1_split0_strawberry_dyson_lincoln_tbd__054_3.pcd,22.1,1139,,,
1_split0_strawberry_dyson_lincoln_tbd__058_3.pcd,7.4,1728,,,
1_split0_strawberry_dyson_lincoln_tbd__064_3.pcd,15.3,791,,,
1_split0_strawberry_dyson_lincoln_tbd__072_3.pcd,21.5,138,,,
1_split0_strawberry_dyson_lincoln_tbd__113_3.pcd,5.3,457,,,
1_split0_strawberry_dyson_lincoln_tbd__120_3.pcd,27.87,1615,,,
1_split0_strawberry_dyson_lincoln_tbd__137_3.pcd,25.53,1018,,,
1_split0_strawberry_dyson_lincoln_tbd__159_3.pcd,18.7,1292,,,
1_split0_strawberry_dyson_lincoln_tbd__172_3.pcd,11.5,1472,,,
1_split0_strawberry_dyson_lincoln_tbd__181_3.pcd,11.6,1554,,,
1_split0_strawberry_dyson_lincoln_tbd__188_3.pcd,20.6,872,,,
1_split0_strawberry_dyson_lincoln_tbd__202_3.pcd,10.0,928,,,
1_split0_strawberry_dyson_lincoln_tbd__213_3.pcd,11.2,1463,,,
1_split0_strawberry_dyson_lincoln_tbd__220_3.pcd,15.6,1578,,,
1_split0_strawberry_dyson_lincoln_tbd__222_3.pcd,20.4,1545,,,
1_split0_strawberry_dyson_lincoln_tbd__223_3.pcd,11.2,1640,,,
1_split0_strawberry_dyson_lincoln_tbd__240_3.pcd,7.6,1510,,,
1_split1_strawberry_dyson_lincoln_tbd__006_3.pcd,13.2,1614,,,
1_split1_strawberry_dyson_lincoln_tbd__007_3.pcd,24.7,320,,,
1_split1_strawberry_dyson_lincoln_tbd__009_1.pcd,19.5,1980,,,
1_split1_strawberry_dyson_lincoln_tbd__009_2.pcd,19.5,2010,,,
1_split1_strawberry_dyson_lincoln_tbd__009_3.pcd,19.5,1814,,,
1_split1_strawberry_dyson_lincoln_tbd__012_3.pcd,13.8,547,,,
1_split1_strawberry_dyson_lincoln_tbd__013_1.pcd,13.9,117,,,
1_split1_strawberry_dyson_lincoln_tbd__017_3.pcd,24.7,530,,,
1_split1_strawberry_dyson_lincoln_tbd__023_2.pcd,10.4,1990,,,
1_split1_strawberry_dyson_lincoln_tbd__023_3.pcd,10.4,1818,,,
1_split1_strawberry_dyson_lincoln_tbd__024_3.pcd,20.2,1110,,,
1_split1_strawberry_dyson_lincoln_tbd__025_3.pcd,27.9,1261,,,
1_split1_strawberry_dyson_lincoln_tbd__032_3.pcd,13.9,1988,,,
1_split1_strawberry_dyson_lincoln_tbd__034_3.pcd,17.3,174,,,
1_split1_strawberry_dyson_lincoln_tbd__036_3.pcd,15.9,349,,,
1_split1_strawberry_dyson_lincoln_tbd__040_1.pcd,22.4,1882,,,
1_split1_strawberry_dyson_lincoln_tbd__043_2.pcd,16.7,1818,,,
1_split1_strawberry_dyson_lincoln_tbd__043_3.pcd,16.7,926,,,
1_split1_strawberry_dyson_lincoln_tbd__044_3.pcd,12.7,1953,,,
1_split1_strawberry_dyson_lincoln_tbd__048_3.pcd,30.4,1812,,,
1_split1_strawberry_dyson_lincoln_tbd__051_3.pcd,23.8,1916,,,
1_split1_strawberry_dyson_lincoln_tbd__060_3.pcd,32.1,1556,,,
1_split1_strawberry_dyson_lincoln_tbd__068_3.pcd,8.9,914,,,
1_split1_strawberry_dyson_lincoln_tbd__071_3.pcd,20.6,739,,,
1_split1_strawberry_dyson_lincoln_tbd__078_3.pcd,12.6,1692,,,
1_split1_strawberry_dyson_lincoln_tbd__120_3.pcd,27.87,748,,,
1_split1_strawberry_dyson_lincoln_tbd__153_3.pcd,21.0,815,,,
1_split1_strawberry_dyson_lincoln_tbd__160_2.pcd,13.9,1939,,,
1_split1_strawberry_dyson_lincoln_tbd__162_3.pcd,18.1,930,,,
1_split1_strawberry_dyson_lincoln_tbd__163_3.pcd,17.3,494,,,
1_split1_strawberry_dyson_lincoln_tbd__167_3.pcd,21.8,1730,,,
1_split1_strawberry_dyson_lincoln_tbd__171_3.pcd,26.7,1880,,,
1_split1_strawberry_dyson_lincoln_tbd__192_2.pcd,17.3,1879,,,
1_split1_strawberry_dyson_lincoln_tbd__202_3.pcd,10.0,1776,,,
1_split1_strawberry_dyson_lincoln_tbd__236_3.pcd,22.8,1431,,,
1_split2_strawberry_dyson_lincoln_tbd__003_2.pcd,22.8,1452,,,
1_split2_strawberry_dyson_lincoln_tbd__013_3.pcd,13.9,584,,,
1_split2_strawberry_dyson_lincoln_tbd__014_3.pcd,21.6,1672,,,
1_split2_strawberry_dyson_lincoln_tbd__015_3.pcd,16.9,905,,,
1_split2_strawberry_dyson_lincoln_tbd__017_1.pcd,24.7,238,,,
1_split2_strawberry_dyson_lincoln_tbd__021_2.pcd,29.7,1779,,,
1_split2_strawberry_dyson_lincoln_tbd__024_2.pcd,20.2,1867,,,
1_split2_strawberry_dyson_lincoln_tbd__024_3.pcd,20.2,157,,,
1_split2_strawberry_dyson_lincoln_tbd__029_1.pcd,15.7,1072,,,
1_split2_strawberry_dyson_lincoln_tbd__029_2.pcd,15.7,972,,,
1_split2_strawberry_dyson_lincoln_tbd__029_3.pcd,15.7,1955,,,
1_split2_strawberry_dyson_lincoln_tbd__030_3.pcd,20.4,222,,,
1_split2_strawberry_dyson_lincoln_tbd__032_3.pcd,13.9,1280,,,
1_split2_strawberry_dyson_lincoln_tbd__041_1.pcd,16.4,775,,,
1_split2_strawberry_dyson_lincoln_tbd__041_2.pcd,16.4,694,,,
1_split2_strawberry_dyson_lincoln_tbd__041_3.pcd,16.4,1220,,,
1_split2_strawberry_dyson_lincoln_tbd__045_1.pcd,11.1,580,,,
1_split2_strawberry_dyson_lincoln_tbd__045_3.pcd,11.1,960,,,
1_split2_strawberry_dyson_lincoln_tbd__085_3.pcd,22.0,1044,,,
1_split3_strawberry_dyson_lincoln_tbd__003_1.pcd,22.8,1633,,,
1_split3_strawberry_dyson_lincoln_tbd__003_2.pcd,22.8,1207,,,
1_split3_strawberry_dyson_lincoln_tbd__013_3.pcd,13.9,545,,,
1_split4_strawberry_dyson_lincoln_tbd__003_1.pcd,22.8,279,,,
1_split4_strawberry_dyson_lincoln_tbd__003_3.pcd,22.8,1246,,,
1_split5_strawberry_dyson_lincoln_tbd__003_3.pcd,22.8,46,,,
3_split0_strawberry_dyson_lincoln_tbd__03_3.pcd,11.4,1038,,,
3_split0_strawberry_dyson_lincoln_tbd__28_3.pcd,31.6,1800,,,
4_split0_strawberry_dyson_lincoln_tbd__117_3.pcd,11.0,417,,,
4_split0_strawberry_dyson_lincoln_tbd__118_3.pcd,7.5,1679,,,
4_split0_strawberry_dyson_lincoln_tbd__120_3.pcd,13.3,869,,,
4_split0_strawberry_dyson_lincoln_tbd__123_2.pcd,10.5,1979,,,
4_split0_strawberry_dyson_lincoln_tbd__123_3.pcd,10.5,977,,,
4_split0_strawberry_dyson_lincoln_tbd__124_3.pcd,10.6,1610,,,
4_split0_strawberry_dyson_lincoln_tbd__127_3.pcd,18.5,1609,,,
4_split0_strawberry_dyson_lincoln_tbd__130_3.pcd,21.5,1730,,,
4_split0_strawberry_dyson_lincoln_tbd__135_3.pcd,17.0,550,,,
4_split0_strawberry_dyson_lincoln_tbd__137_3.pcd,18.3,1713,,,
4_split0_strawberry_dyson_lincoln_tbd__16_3.pcd,17.7,903,,,
4_split0_strawberry_dyson_lincoln_tbd__205_3.pcd,11.5,1484,,,
4_split0_strawberry_dyson_lincoln_tbd__26_3.pcd,15.8,1883,,,
4_split0_strawberry_dyson_lincoln_tbd__38_3.pcd,25.4,1286,,,
4_split0_strawberry_dyson_lincoln_tbd__42_3.pcd,12.8,1884,,,
4_split0_strawberry_dyson_lincoln_tbd__92_3.pcd,8.0,406,,,
4_split0_strawberry_dyson_lincoln_tbd__93_3.pcd,7.6,153,,,
4_split0_strawberry_dyson_lincoln_tbd__94_3.pcd,10.4,1070,,,
